Workbook

Sheet Comparison
A1: Time | B1: WT Parafilm- Total CFUs | C1: WT Parafilm- Spores | D1: WT Parafilm+ Total CFUs | E1: WT Parafilm+ Spores | F1: Spore- Parafilm- Total CFUs | G1: Spore- Parafilm+ Total CFUs | H1: PGA- Parafilm- Total CFUs | I1: PGA- Parafilm- Spores | J1: PGA- Parafilm+ Total CFUs | K1: PGA- Parafilm+ Spores | L1: EPS- Parafilm- Total CFUs | M1: EPS- Parafilm- Spores | N1: EPS- Parafilm+ Total CFUs | O1: EPS- Parafilm+ Spores | Q1: WT Parafilm- Spore % | R1: WT Parafilm+ Spore % | S1: PGA- Parafilm- Spore % | T1: PGA- Parafilm+ Spore % | U1: EPS- Parafilm- Spore % | V1: EPS- Parafilm+ Spore %
A2: 24 hpi | B2: ='JMJ1233 P- 24 hpi'!B5 -> 32200000000 | C2: ='JMJ1233 P- 24 hpi'!C5 -> 2.1466667e+10 | D2: ='JMJ1233 P+ 24 hpi'!B5 -> 15300000000 | E2: ='JMJ1233 P+ 24 hpi'!C5 -> 6200000000 | F2: ='JMJ1234 P- 24 hpi'!B5 -> 4.9733333e+10 | G2: ='JMJ1234 P+ 24 hpi'!B5 -> 16600000000 | H2: ='JMJ1250 P- 24 hpi'!B5 -> 3.1133333e+10 | I2: ='JMJ1250 P- 24 hpi'!C5 -> 21000000000 | J2: ='JMJ1250 P+ 24 hpi'!B5 -> 12450000000 | K2: ='JMJ1250 P+ 24 hpi'!C5 -> 8950000000 | L2: ='JMJ1480 P- 24 hpi'!B5 -> 3.2233333e+10 | M2: ='JMJ1480 P- 24 hpi'!C5 -> 11100000000 | N2: ='NAD003 P+ 24 hpi'!B5 -> 21150000000 | O2: ='NAD003 P+ 24 hpi'!C5 -> 8900000000 | Q2: ='JMJ1233 P- 24 hpi'!$E$5 -> 0.66744341 | R2: ='JMJ1233 P+ 24 hpi'!$E$5 -> 0.44650629 | S2: ='JMJ1250 P- 24 hpi'!$E$5 -> 0.66854842 | T2: ='JMJ1250 P+ 24 hpi'!$E$5 -> 0.66971454 | U2: ='JMJ1480 P- 24 hpi'!$E$5 -> 0.33849577 | V2: ='NAD003 P+ 24 hpi'!$E$5 -> 0.38786008
A3: SD 24 | B3: ='JMJ1233 P- 24 hpi'!B6 -> 2.7784888e+09 | C3: ='JMJ1233 P- 24 hpi'!C6 -> 3.0746273e+09 | D3: ='JMJ1233 P+ 24 hpi'!B6 -> 7.0710678e+09 | E3: ='JMJ1233 P+ 24 hpi'!C6 -> 4.2426407e+08 | F3: ='JMJ1234 P- 24 hpi'!B6 -> 4.4060564e+09 | G3: ='JMJ1234 P+ 24 hpi'!B6 -> 1.3293607e+10 | H3: ='JMJ1250 P- 24 hpi'!B6 -> 1.7243356e+09 | I3: ='JMJ1250 P- 24 hpi'!C6 -> 6.2960305e+09 | J3: ='JMJ1250 P+ 24 hpi'!B6 -> 9.2630988e+09 | K3: ='JMJ1250 P+ 24 hpi'!C6 -> 7.8488853e+09 | L3: ='JMJ1480 P- 24 hpi'!B6 -> 5.0202922e+09 | M3: ='JMJ1480 P- 24 hpi'!C6 -> 4.0112342e+09 | N3: ='NAD003 P+ 24 hpi'!B6 -> 4.4547727e+09 | O3: ='NAD003 P+ 24 hpi'!C6 -> 8.34386e+09 | Q3: ='JMJ1233 P- 24 hpi'!$F$5 -> 0.066353415 | R3: ='JMJ1233 P+ 24 hpi'!$F$5 -> 0.12630924 | S3: ='JMJ1250 P- 24 hpi'!$F$5 -> 0.13238721 | T3: ='JMJ1250 P+ 24 hpi'!$F$5 -> 0.093443354 | U3: ='JMJ1480 P- 24 hpi'!$F$5 -> 0.092227117 | V3: ='NAD003 P+ 24 hpi'!$F$5 -> 0.22119342
A4: 72 hpi | B4: ='JMJ1233 P- 72 hpi'!B5 -> 5.5433333e+10 | C4: ='JMJ1233 P- 72 hpi'!C5 -> 3.5133333e+10 | D4: ='JMJ1233 P+ 72 hpi'!B5 -> 3.7933333e+10 | E4: ='JMJ1233 P+ 72 hpi'!C5 -> 22500000000 | F4: ='JMJ1234 P- 72 hpi'!B5 -> 3400000000 | G4: ='JMJ1234 P+ 72 hpi'!B5 -> 8.2333333e+09 | H4: ='JMJ1250 P- 72 hpi'!B5 -> 5.7666667e+10 | I4: ='JMJ1250 P- 72 hpi'!C5 -> 48000000000 | J4: ='JMJ1250 P+ 72 hpi'!B5 -> 3.6066667e+10 | K4: ='JMJ1250 P+ 72 hpi'!C5 -> 2.7866667e+10 | L4: ='JMJ1480 P- 72 hpi'!B5 -> 3.2166667e+10 | M4: ='JMJ1480 P- 72 hpi'!C5 -> 2.1333333e+10 | N4: ='NAD003 P+ 72 hpi'!B5 -> 47700000000 | O4: ='NAD003 P+ 72 hpi'!C5 -> 4.1566667e+10 | Q4: ='JMJ1233 P- 72 hpi'!$E$5 -> 0.64986747 | R4: ='JMJ1233 P+ 72 hpi'!$E$5 -> 0.56304348 | S4: ='JMJ1250 P- 72 hpi'!$E$5 -> 0.84076825 | T4: ='JMJ1250 P+ 72 hpi'!$E$5 -> 0.80425289 | U4: ='JMJ1480 P- 72 hpi'!$E$5 -> 0.68355025 | V4: ='NAD003 P+ 72 hpi'!$E$5 -> 0.87317825
A5: SD 72 | B5: ='JMJ1233 P- 72 hpi'!B6 -> 9.8442312e+09 | C5: ='JMJ1233 P- 72 hpi'!C6 -> 5.3324999e+09 | D5: ='JMJ1233 P+ 72 hpi'!B6 -> 8.0008333e+09 | E5: ='JMJ1233 P+ 72 hpi'!C6 -> 6.8738635e+09 | F5: ='JMJ1234 P- 72 hpi'!B6 -> 9.0921211e+08 | G5: ='JMJ1234 P+ 72 hpi'!B6 -> 3.6935379e+09 | H5: ='JMJ1250 P- 72 hpi'!B6 -> 1.1897712e+10 | I5: ='JMJ1250 P- 72 hpi'!C6 -> 9.2014492e+09 | J5: ='JMJ1250 P+ 72 hpi'!B6 -> 9.0779342e+09 | K5: ='JMJ1250 P+ 72 hpi'!C6 -> 3.6012344e+09 | L5: ='JMJ1480 P- 72 hpi'!B6 -> 5.4063748e+09 | M5: ='JMJ1480 P- 72 hpi'!C6 -> 6.01849e+08 | N5: ='NAD003 P+ 72 hpi'!B6 -> 3.1591138e+09 | O5: ='NAD003 P+ 72 hpi'!C6 -> 1.8263503e+09 | Q5: ='JMJ1233 P- 72 hpi'!$F$5 -> 0.12823519 | R5: ='JMJ1233 P+ 72 hpi'!$F$5 -> 0.21338408 | S5: ='JMJ1250 P- 72 hpi'!$F$5 -> 0.09086853 | T5: ='JMJ1250 P+ 72 hpi'!$F$5 -> 0.14239194 | U5: ='JMJ1480 P- 72 hpi'!$F$5 -> 0.12101462 | V5: ='NAD003 P+ 72 hpi'!$F$5 -> 0.035681196

Sheet JMJ1233 P- 24 hpi
A1: Replicate | B1: N_CFU all | C1: N_CFU spore | D1: N_CFU cells | E1: % spores | F1: % standard deviation
A2: 1 | B2: 33600000000 | C2: 19400000000 | D2: =B2-C2 -> 14200000000 | E2: =C2/B2 -> 0.57738095
A3: 2 | B3: 34000000000 | C3: 25000000000 | D3: =B3-C3 -> 9000000000 | E3: =C3/B3 -> 0.73529412
A4: 3 | B4: 29000000000 | C4: 20000000000 | D4: =B4-C4 -> 9000000000 | E4: =C4/B4 -> 0.68965517
A5: Average | B5: =AVERAGE(B2:B4) -> 32200000000 | C5: =AVERAGE(C2:C4) -> 2.1466667e+10 | D5: =AVERAGE(D2:D4) -> 1.0733333e+10 | E5: =AVERAGE(E2:E4) -> 0.66744341 | F5: =_xlfn.STDEV.P(E2:E4) -> 0.066353415 | G5: Remember to fix after adding final replicate
A6: Standard deviation | B6: =STDEV(B2:B4) -> 2.7784888e+09 | C6: =STDEV(C2:C4) -> 3.0746273e+09 | D6: =STDEV(D2:D4) -> 3.0022214e+09
B13: 100 | C13: 10 | D13: =C13/B13 -> 0.1
B14: 200 | C14: 24 | D14: =C14/B14 -> 0.12
B15: 20 | C15: 3 | D15: =C15/B15 -> 0.15
B16: =AVERAGE(B13:B15) -> 106.66667 | C16: =AVERAGE(C13:C15) -> 12.333333 | D16: =AVERAGE(D13:D15) -> 0.12333333
C19: =C16/B16 -> 0.115625

Sheet JMJ1233 Vancomycin 24 hpi
A1: Replicate (3 mg/mL) | B1: N_CFU all | C1: N_CFU spore | D1: N_CFU cells | E1: % spores | F1: % standard deviation
A2: 1 | B2: 16000000000 | C2: 13000000000 | D2: =B2-C2 -> 3000000000 | E2: =C2/B2 -> 0.8125
A3: 2 | B3: 26000000000 | C3: 25000000000 | D3: =B3-C3 -> 1000000000 | E3: =C3/B3 -> 0.96153846
A4: 3 | D4: =B4-C4 -> 0 | E4: =C4/B4 -> #DIV/0!
A5: Average (3 mg/mL) | B5: =AVERAGE(B2:B4) -> 21000000000 | C5: =AVERAGE(C2:C4) -> 19000000000 | D5: =AVERAGE(D2:D4) -> 1.3333333e+09 | E5: =AVERAGE(E2:E3) -> 0.88701923 | F5: =_xlfn.STDEV.P(E2:E3) -> 0.074519231
A6: Standard deviation | B6: =STDEV(B2:B4) -> 7.0710678e+09 | C6: =STDEV(C2:C4) -> 8.4852814e+09 | D6: =STDEV(D2:D4) -> 1.5275252e+09
A8: Replicate (1 mg/mL) | B8: N_CFU all | C8: N_CFU spore | D8: N_CFU cells | E8: % spores | F8: % standard deviation
A9: 1 | B9: 20000000000 | C9: 20000000000 | D9: =B9-C9 -> 0 | E9: =C9/B9 -> 1
A10: 2 | B10: 12000000000 | C10: 10000000000 | D10: =B10-C10 -> 2000000000 | E10: =C10/B10 -> 0.83333333
A11: 3 | D11: =B11-C11 -> 0 | E11: =C11/B11 -> #DIV/0!
A12: Average (1 mg/mL) | B12: =AVERAGE(B9:B11) -> 16000000000 | C12: =AVERAGE(C9:C11) -> 15000000000 | D12: =AVERAGE(D9:D11) -> 6.6666667e+08 | E12: =AVERAGE(E9:E10) -> 0.91666667 | F12: =_xlfn.STDEV.P(E9:E10) -> 0.083333333
A13: Standard deviation | B13: =STDEV(B9:B11) -> 5.6568542e+09 | C13: =STDEV(C9:C11) -> 7.0710678e+09 | D13: =STDEV(D9:D11) -> 1.1547005e+09
A17: No antibiotic
A18: Average (0 mg/mL) | B18: 33800000000 | C18: 22200000000 | D18: 7.7333333e+09 | E18: 0.65633754 | F18: 0.078956583
A19: Standard deviation | B19: 2.8284271e+08 | C19: 3.959798e+09 | D19: 7.184242e+09

Sheet JMJ1233 P+ 24 hpi
A1: Replicate | B1: N_CFU all | C1: N_CFU spore | D1: N_CFU cells | E1: % spores | F1: % standard deviation
A2: 1 | B2: 10300000000 | C2: 5900000000 | D2: =B2-C2 -> 4400000000 | E2: =C2/B2 -> 0.57281553
A3: 2 | B3: 20300000000 | C3: 6500000000 | D3: =B3-C3 -> 13800000000 | E3: =C3/B3 -> 0.32019704
A4: 3 | D4: =B4-C4 -> 0 | E4: =C4/B4 -> #DIV/0!
A5: Average | B5: =AVERAGE(B2:B4) -> 15300000000 | C5: =AVERAGE(C2:C4) -> 6200000000 | D5: =AVERAGE(D2:D4) -> 6.0666667e+09 | E5: =AVERAGE(E2:E3) -> 0.44650629 | F5: =_xlfn.STDEV.P(E2:E3) -> 0.12630924
A6: Standard deviation | B6: =STDEV(B2:B4) -> 7.0710678e+09 | C6: =STDEV(C2:C4) -> 4.2426407e+08 | D6: =STDEV(D2:D4) -> 7.0493499e+09

Sheet JMJ1233 P- 72 hpi
A1: Replicate | B1: N_CFU all | C1: N_CFU spore | D1: N_CFU cells | E1: % spores | F1: % standard deviation
A2: 1 | B2: 58000000000 | C2: 29000000000 | D2: =B2-C2 -> 29000000000 | E2: =C2/B2 -> 0.5
A3: 2 | B3: 66000000000 | C3: 42000000000 | D3: =B3-C3 -> 24000000000 | E3: =C3/B3 -> 0.63636364
A4: 3 | B4: 42300000000 | C4: 34400000000 | D4: =B4-C4 -> 7900000000 | E4: =C4/B4 -> 0.81323877
A5: Average | B5: =AVERAGE(B2:B4) -> 5.5433333e+10 | C5: =AVERAGE(C2:C4) -> 3.5133333e+10 | D5: =AVERAGE(D2:D4) -> 20300000000 | E5: =AVERAGE(E2:E4) -> 0.64986747 | F5: =_xlfn.STDEV.P(E2:E4) -> 0.12823519
A6: Standard deviation | B6: =_xlfn.STDEV.P(B2:B4) -> 9.8442312e+09 | C6: =_xlfn.STDEV.P(C2:C4) -> 5.3324999e+09 | D6: =STDEV(D2:D4) -> 1.1025879e+10

Sheet JMJ1233 P+ 72 hpi
A1: Replicate | B1: N_CFU all | C1: N_CFU spore | D1: N_CFU cells | E1: % spores | F1: % standard deviation
A2: 1 | B2: 46000000000 | C2: 15000000000 | D2: =B2-C2 -> 31000000000 | E2: =C2/B2 -> 0.32608696
A3: 2 | B3: 30000000000 | C3: 24000000000 | D3: =B3-C3 -> 6000000000 | E3: =C3/B3 -> 0.8 | G3: Swarm-like
A4: 3 | B4: 37800000000 | C4: 28500000000 | D4: =B4-C4 -> 9300000000 | E4: =C4/B4 -> 0.75396825
A5: Average | B5: =AVERAGE(B2:B4) -> 3.7933333e+10 | C5: =AVERAGE(C2:C4) -> 22500000000 | D5: =AVERAGE(D2:D4) -> 1.5433333e+10 | E5: =AVERAGE(E2:E3) -> 0.56304348 | F5: =_xlfn.STDEV.P(E2:E4) -> 0.21338408
A6: Standard deviation | B6: =STDEV(B2:B4) -> 8.0008333e+09 | C6: =STDEV(C2:C4) -> 6.8738635e+09 | D6: =STDEV(D2:D4) -> 1.3581728e+10

Sheet JMJ1234 P- 24 hpi
A1: Replicate | B1: N_CFU all | C1: N_CFU spore | D1: N_CFU cells | E1: % spores | F1: % standard deviation
A2: 1 | B2: 45200000000 | C2: 0 | D2: =B2-C2 -> 45200000000 | E2: =C2/B2 -> 0
A3: 2 | B3: 54000000000 | C3: 100000000 | D3: =B3-C3 -> 53900000000 | E3: =C3/B3 -> 0.0018518519
A4: 3 | B4: 50000000000 | C4: 0 | D4: =B4-C4 -> 50000000000 | E4: =C4/B4 -> 0
A5: Average | B5: =AVERAGE(B2:B4) -> 4.9733333e+10 | C5: =AVERAGE(C2:C4) -> 33333333 | D5: =AVERAGE(D2:D4) -> 49700000000 | E5: =AVERAGE(E2:E4) -> 0.00061728395 | F5: =_xlfn.STDEV.P(E2:E4) -> 0.00087297133
A6: Standard deviation | B6: =STDEV(B2:B4) -> 4.4060564e+09 | C6: =STDEV(C2:C4) -> 57735027 | D6: =STDEV(D2:D4) -> 4.3577517e+09

Sheet JMJ1234 Vancomycin 24 hpi
A1: Replicate (3 mg/mL) | B1: N_CFU all | C1: N_CFU spore | D1: N_CFU cells | E1: % spores | F1: % standard deviation
A2: 1 | B2: 12000000000 | C2: 0 | D2: =B2-C2 -> 12000000000 | E2: =C2/B2 -> 0
A3: 2 | B3: 23000000000 | C3: 0 | D3: =B3-C3 -> 23000000000 | E3: =C3/B3 -> 0
A4: 3 | D4: =B4-C4 -> 0 | E4: =C4/B4 -> #DIV/0!
A5: Average (3 mg/mL) | B5: =AVERAGE(B2:B4) -> 17500000000 | C5: =AVERAGE(C2:C4) -> 0 | D5: =AVERAGE(D2:D4) -> 1.1666667e+10 | E5: =AVERAGE(E2:E3) -> 0 | F5: =_xlfn.STDEV.P(E2:E3) -> 0
A6: Standard deviation | B6: =STDEV(B2:B4) -> 7.7781746e+09 | C6: =STDEV(C2:C4) -> 0 | D6: =STDEV(D2:D4) -> 1.1503623e+10
A8: Replicate (1 mg/mL) | B8: N_CFU all | C8: N_CFU spore | D8: N_CFU cells | E8: % spores | F8: % standard deviation
A9: 1 | B9: 30000000000 | C9: 0 | D9: =B9-C9 -> 30000000000 | E9: =C9/B9 -> 0
A10: 2 | B10: 36000000000 | C10: 0 | D10: =B10-C10 -> 36000000000 | E10: =C10/B10 -> 0
A11: 3 | D11: =B11-C11 -> 0 | E11: =C11/B11 -> #DIV/0!
A12: Average (1 mg/mL) | B12: =AVERAGE(B9:B11) -> 33000000000 | C12: =AVERAGE(C9:C11) -> 0 | D12: =AVERAGE(D9:D11) -> 22000000000 | E12: =AVERAGE(E9:E10) -> 0 | F12: =_xlfn.STDEV.P(E9:E10) -> 0
A13: Standard deviation | B13: =STDEV(B9:B11) -> 4.2426407e+09 | C13: =STDEV(C9:C11) -> 0 | D13: =STDEV(D9:D11) -> 1.9287302e+10
A17: Average (0 mg/mL) | B17: 49600000000 | C17: 0 | D17: 49600000000 | E17: 0 | F17: 0
A18: Standard deviation | B18: 6.2225397e+09 | C18: 0 | D18: 6.2225397e+09

Sheet JMJ1234 P+ 24 hpi
A1: Replicate | B1: N_CFU all | C1: N_CFU spore | D1: N_CFU cells | E1: % spores | F1: % standard deviation
A2: 1 | B2: 7200000000 | C2: 0 | D2: =B2-C2 -> 7200000000 | E2: =C2/B2 -> 0
A3: 2 | B3: 26000000000 | C3: 800000000 | D3: =B3-C3 -> 25200000000 | E3: =C3/B3 -> 0.030769231
A4: 3 | D4: =B4-C4 -> 0 | E4: =C4/B4 -> #DIV/0!
A5: Average | B5: =AVERAGE(B2:B4) -> 16600000000 | C5: =AVERAGE(C2:C4) -> 400000000 | D5: =AVERAGE(D2:D4) -> 10800000000 | E5: =AVERAGE(E2:E3) -> 0.015384615 | F5: =_xlfn.STDEV.P(E2:E3) -> 0.015384615
A6: Standard deviation | B6: =STDEV(B2:B4) -> 1.3293607e+10 | C6: =STDEV(C2:C4) -> 5.6568542e+08 | D6: =STDEV(D2:D4) -> 1.2979985e+10

Sheet JMJ1234 P- 72 hpi
A1: Replicate | B1: N_CFU all | C1: N_CFU spore | D1: N_CFU cells | E1: % spores | F1: % standard deviation
A2: 1 | B2: 4600000000 | C2: 0 | D2: =B2-C2 -> 4600000000 | E2: =C2/B2 -> 0
A3: 2 | B3: 2400000000 | C3: 0 | D3: =B3-C3 -> 2400000000 | E3: =C3/B3 -> 0
A4: 3 | B4: 3200000000 | C4: 0 | D4: =B4-C4 -> 3200000000 | E4: =C4/B4 -> 0
A5: Average | B5: =AVERAGE(B2:B4) -> 3400000000 | C5: =AVERAGE(C2:C4) -> 0 | D5: =AVERAGE(D2:D4) -> 3400000000 | E5: =AVERAGE(E2:E4) -> 0 | F5: =_xlfn.STDEV.P(E2:E4) -> 0
A6: Standard deviation | B6: =_xlfn.STDEV.P(B2:B4) -> 9.0921211e+08 | C6: =_xlfn.STDEV.P(C2:C4) -> 0 | D6: =STDEV(D2:D4) -> 1.1135529e+09

Sheet JMJ1234 P+ 72 hpi
A1: Replicate | B1: N_CFU all | C1: N_CFU spore | D1: N_CFU cells | E1: % spores | F1: % standard deviation
A2: 1 | B2: 13000000000 | C2: 0 | D2: =B2-C2 -> 13000000000 | E2: =C2/B2 -> 0
A3: 2 | B3: 7700000000 | C3: 0 | D3: =B3-C3 -> 7700000000 | E3: =C3/B3 -> 0
A4: 3 | B4: 4000000000 | C4: 0 | D4: =B4-C4 -> 4000000000 | E4: =C4/B4 -> 0
A5: Average | B5: =AVERAGE(B2:B4) -> 8.2333333e+09 | C5: =AVERAGE(C2:C4) -> 0 | D5: =AVERAGE(D2:D4) -> 8.2333333e+09 | E5: =AVERAGE(E2:E4) -> 0 | F5: =_xlfn.STDEV.P(E2:E4) -> 0
A6: Standard deviation | B6: =_xlfn.STDEV.P(B2:B4) -> 3.6935379e+09 | C6: =_xlfn.STDEV.P(C2:C4) -> 0 | D6: =STDEV(D2:D4) -> 4.5236416e+09

Sheet JMJ1250 P- 24 hpi
A1: Replicate | B1: N_CFU all | C1: N_CFU spore | D1: N_CFU cells | E1: % spores | F1: % standard deviation
A2: 1 | B2: 30800000000 | C2: 19200000000 | D2: =B2-C2 -> 11600000000 | E2: =C2/B2 -> 0.62337662
A3: 2 | B3: 33000000000 | C3: 28000000000 | D3: =B3-C3 -> 5000000000 | E3: =C3/B3 -> 0.84848485
A4: 3 | B4: 29600000000 | C4: 15800000000 | D4: =B4-C4 -> 13800000000 | E4: =C4/B4 -> 0.53378378
A5: Average | B5: =AVERAGE(B2:B4) -> 3.1133333e+10 | C5: =AVERAGE(C2:C4) -> 21000000000 | D5: =AVERAGE(D2:D4) -> 1.0133333e+10 | E5: =AVERAGE(E2:E4) -> 0.66854842 | F5: =_xlfn.STDEV.P(E2:E4) -> 0.13238721
A6: Standard deviation | B6: =STDEV(B2:B4) -> 1.7243356e+09 | C6: =STDEV(C2:C4) -> 6.2960305e+09 | D6: =STDEV(D2:D4) -> 4.5796652e+09

Sheet JMJ1250 P+ 24 hpi
A1: Replicate | B1: N_CFU all | C1: N_CFU spore | D1: N_CFU cells | E1: % spores | F1: % standard deviation
A2: 1 | B2: 5900000000 | C2: 3400000000 | D2: =B2-C2 -> 2500000000 | E2: =C2/B2 -> 0.57627119
A3: 2 | B3: 19000000000 | C3: 14500000000 | D3: =B3-C3 -> 4500000000 | E3: =C3/B3 -> 0.76315789
A4: 3 | D4: =B4-C4 -> 0 | E4: =C4/B4 -> #DIV/0!
A5: Average | B5: =AVERAGE(B2:B4) -> 12450000000 | C5: =AVERAGE(C2:C4) -> 8950000000 | D5: =AVERAGE(D2:D4) -> 2.3333333e+09 | E5: =AVERAGE(E2:E3) -> 0.66971454 | F5: =_xlfn.STDEV.P(E2:E3) -> 0.093443354
A6: Standard deviation | B6: =STDEV(B2:B4) -> 9.2630988e+09 | C6: =STDEV(C2:C4) -> 7.8488853e+09 | D6: =STDEV(D2:D4) -> 2.2546249e+09

Sheet JMJ1250 P- 72 hpi
A1: Replicate | B1: N_CFU all | C1: N_CFU spore | D1: N_CFU cells | E1: % spores | F1: % standard deviation
A2: 1 | B2: 56000000000 | C2: 41000000000 | D2: =B2-C2 -> 15000000000 | E2: =C2/B2 -> 0.73214286
A3: 2 | B3: 44000000000 | C3: 42000000000 | D3: =B3-C3 -> 2000000000 | E3: =C3/B3 -> 0.95454545
A4: 3 | B4: 73000000000 | C4: 61000000000 | D4: =B4-C4 -> 12000000000 | E4: =C4/B4 -> 0.83561644
A5: Average | B5: =AVERAGE(B2:B4) -> 5.7666667e+10 | C5: =AVERAGE(C2:C4) -> 48000000000 | D5: =AVERAGE(D2:D4) -> 9.6666667e+09 | E5: =AVERAGE(E2:E4) -> 0.84076825 | F5: =_xlfn.STDEV.P(E2:E4) -> 0.09086853
A6: Standard deviation | B6: =_xlfn.STDEV.P(B2:B4) -> 1.1897712e+10 | C6: =_xlfn.STDEV.P(C2:C4) -> 9.2014492e+09 | D6: =STDEV(D2:D4) -> 6.8068593e+09
B9: 123000000000 | C9: 33000000000 | D9: =B9-C9 -> 90000000000

Sheet JMJ1250 P+ 72 hpi
A1: Replicate | B1: N_CFU all | C1: N_CFU spore | D1: N_CFU cells | E1: % spores | F1: % standard deviation
A2: 1 | B2: 48000000000 | C2: 29000000000 | D2: =B2-C2 -> 19000000000 | E2: =C2/B2 -> 0.60416667
A3: 2 | B3: 26000000000 | C3: 23000000000 | D3: =B3-C3 -> 3000000000 | E3: =C3/B3 -> 0.88461538 | G3: Swarm-like
A4: 3 | B4: 34200000000 | C4: 31600000000 | D4: =B4-C4 -> 2600000000 | E4: =C4/B4 -> 0.92397661
A5: Average | B5: =AVERAGE(B2:B4) -> 3.6066667e+10 | C5: =AVERAGE(C2:C4) -> 2.7866667e+10 | D5: =AVERAGE(D2:D4) -> 8200000000 | E5: =AVERAGE(E2:E4) -> 0.80425289 | F5: =_xlfn.STDEV.P(E2:E4) -> 0.14239194
A6: Standard deviation | B6: =_xlfn.STDEV.P(B2:B4) -> 9.0779342e+09 | C6: =_xlfn.STDEV.P(C2:C4) -> 3.6012344e+09 | D6: =STDEV(D2:D4) -> 9.3552125e+09

Sheet JMJ1480 P- 24 hpi
A1: Replicate | B1: N_CFU all | C1: N_CFU spore | D1: N_CFU cells | E1: % spores | F1: % standard deviation
A2: 1 | B2: 26800000000 | C2: 6600000000 | D2: =B2-C2 -> 20200000000 | E2: =C2/B2 -> 0.24626866
A3: 2 | B3: 33200000000 | C3: 14300000000 | D3: =B3-C3 -> 18900000000 | E3: =C3/B3 -> 0.43072289
A4: 3 | B4: 36700000000 | C4: 12400000000 | D4: =B4-C4 -> 24300000000 | E4: =C4/B4 -> 0.33787466
A5: Average | B5: =AVERAGE(B2:B4) -> 3.2233333e+10 | C5: =AVERAGE(C2:C4) -> 11100000000 | D5: =AVERAGE(D2:D4) -> 2.1133333e+10 | E5: =AVERAGE(E2:E3) -> 0.33849577 | F5: =_xlfn.STDEV.P(E2:E3) -> 0.092227117
A6: Standard deviation | B6: =STDEV(B2:B4) -> 5.0202922e+09 | C6: =STDEV(C2:C4) -> 4.0112342e+09 | D6: =STDEV(D2:D4) -> 2.818392e+09

Sheet JMJ1480 P- 72 hpi
A1: Replicate | B1: N_CFU all | C1: N_CFU spore | D1: N_CFU cells | E1: % spores | F1: % standard deviation
A2: 1 | B2: 39600000000 | C2: 20500000000 | D2: =B2-C2 -> 19100000000 | E2: =C2/B2 -> 0.51767677
A3: 2 | B3: 30000000000 | C3: 21900000000 | D3: =B3-C3 -> 8100000000 | E3: =C3/B3 -> 0.73
A4: 3 | B4: 26900000000 | C4: 21600000000 | D4: =B4-C4 -> 5300000000 | E4: =C4/B4 -> 0.80297398
A5: Average | B5: =AVERAGE(B2:B4) -> 3.2166667e+10 | C5: =AVERAGE(C2:C4) -> 2.1333333e+10 | D5: =AVERAGE(D2:D4) -> 1.0833333e+10 | E5: =AVERAGE(E2:E4) -> 0.68355025 | F5: =_xlfn.STDEV.P(E2:E4) -> 0.12101462
A6: Standard deviation | B6: =_xlfn.STDEV.P(B2:B4) -> 5.4063748e+09 | C6: =_xlfn.STDEV.P(C2:C4) -> 6.01849e+08 | D6: =STDEV(D2:D4) -> 7.294747e+09

Sheet NAD003 P- 24 hpi
A1: Replicate | B1: N_CFU all | C1: N_CFU spore | D1: N_CFU cells | E1: % spores | F1: % standard deviation
A2: 1 | B2: 24100000000 | C2: 13500000000 | D2: =B2-C2 -> 10600000000 | E2: =C2/B2 -> 0.56016598
A3: 2 | B3: 41000000000 | C3: 26000000000 | D3: =B3-C3 -> 15000000000 | E3: =C3/B3 -> 0.63414634
A4: 3 | D4: =B4-C4 -> 0 | E4: =C4/B4 -> #DIV/0!
A5: Average | B5: =AVERAGE(B2:B4) -> 32550000000 | C5: =AVERAGE(C2:C4) -> 19750000000 | D5: =AVERAGE(D2:D4) -> 8.5333333e+09 | E5: =AVERAGE(E2:E3) -> 0.59715616 | F5: =_xlfn.STDEV.P(E2:E3) -> 0.036990183
A6: Standard deviation | B6: =STDEV(B2:B4) -> 1.1950105e+10 | C6: =STDEV(C2:C4) -> 8.8388348e+09 | D6: =STDEV(D2:D4) -> 7.7105988e+09

Sheet NAD003 P+ 24 hpi
A1: Replicate | B1: N_CFU all | C1: N_CFU spore | D1: N_CFU cells | E1: % spores | F1: % standard deviation
A2: 1 | B2: 18000000000 | C2: 3000000000 | D2: =B2-C2 -> 15000000000 | E2: =C2/B2 -> 0.16666667
A3: 2 | B3: 24300000000 | C3: 14800000000 | D3: =B3-C3 -> 9500000000 | E3: =C3/B3 -> 0.6090535
A4: 3 | D4: =B4-C4 -> 0 | E4: =C4/B4 -> #DIV/0!
A5: Average | B5: =AVERAGE(B2:B4) -> 21150000000 | C5: =AVERAGE(C2:C4) -> 8900000000 | D5: =AVERAGE(D2:D4) -> 8.1666667e+09 | E5: =AVERAGE(E2:E3) -> 0.38786008 | F5: =_xlfn.STDEV.P(E2:E3) -> 0.22119342
A6: Standard deviation | B6: =STDEV(B2:B4) -> 4.4547727e+09 | C6: =STDEV(C2:C4) -> 8.34386e+09 | D6: =STDEV(D2:D4) -> 7.5883683e+09

Sheet NAD003 P- 72 hpi
A1: Replicate | B1: N_CFU all | C1: N_CFU spore | D1: N_CFU cells | E1: % spores | F1: % standard deviation
A2: 1 | B2: 42000000000 | C2: 40000000000 | D2: =B2-C2 -> 2000000000 | E2: =C2/B2 -> 0.95238095
A3: 2 | B3: 45000000000 | C3: 36000000000 | D3: =B3-C3 -> 9000000000 | E3: =C3/B3 -> 0.8
A4: 3 | B4: 60000000000 | C4: 47000000000 | D4: =B4-C4 -> 13000000000 | E4: =C4/B4 -> 0.78333333
A5: Average | B5: =AVERAGE(B2:B4) -> 49000000000 | C5: =AVERAGE(C2:C4) -> 41000000000 | D5: =AVERAGE(D2:D4) -> 8000000000 | E5: =AVERAGE(E2:E4) -> 0.8452381 | F5: =_xlfn.STDEV.P(E2:E4) -> 0.076066367
A6: Standard deviation | B6: =_xlfn.STDEV.P(B2:B4) -> 7.8740079e+09 | C6: =_xlfn.STDEV.P(C2:C4) -> 4.5460606e+09 | D6: =STDEV(D2:D4) -> 5.5677644e+09

Sheet NAD003 P+ 72 hpi
A1: Replicate | B1: N_CFU all | C1: N_CFU spore | D1: N_CFU cells | E1: % spores | F1: % standard deviation
A2: 1 | B2: 46600000000 | C2: 39600000000 | D2: =B2-C2 -> 7000000000 | E2: =C2/B2 -> 0.84978541
A3: 2 | B3: 52000000000 | C3: 44000000000 | D3: =B3-C3 -> 8000000000 | E3: =C3/B3 -> 0.84615385
A4: 3 | B4: 44500000000 | C4: 41100000000 | D4: =B4-C4 -> 3400000000 | E4: =C4/B4 -> 0.92359551
A5: Average | B5: =AVERAGE(B2:B4) -> 47700000000 | C5: =AVERAGE(C2:C4) -> 4.1566667e+10 | D5: =AVERAGE(D2:D4) -> 6.1333333e+09 | E5: =AVERAGE(E2:E4) -> 0.87317825 | F5: =_xlfn.STDEV.P(E2:E4) -> 0.035681196
A6: Standard deviation | B6: =_xlfn.STDEV.P(B2:B4) -> 3.1591138e+09 | C6: =_xlfn.STDEV.P(C2:C4) -> 1.8263503e+09 | D6: =STDEV(D2:D4) -> 2.4193663e+09
