Workbook

Sheet 1233 parafilm- 24 hpi
A1: Angular frequency | C1: Storage modulus | D1: Loss modulus | F1: Storage modulus | G1: Loss modulus | I1: Storage modulus | J1: Loss modulus | L1: WT Parafilm- average G' | M1: WT Parafilm- average G'' | O1: WT Parafilm- SD G' | P1: WT Parafilm- SD G''
A2: rad/s | C2: MPa | D2: MPa | F2: MPa | G2: MPa | I2: MPa | J2: MPa | L2: MPa | M2: MPa | O2: MPa | P2: MPa
A3: 1 | C3: 0.000360029 | D3: 9.21073e-05 | F3: 0.000884838 | G3: 0.000176737 | I3: 0.0010458 | J3: 0.000223067 | L3: =AVERAGE(C3,F3,I3) -> 0.00076355567 | M3: =AVERAGE(D3,G3,J3) -> 0.00016397043 | O3: =_xlfn.STDEV.P(C3,F3,I3) -> 0.00029280542 | P3: =_xlfn.STDEV.P(D3,G3,J3) -> 5.4220843e-05
A4: 1.5849 | C4: 0.000387578 | D4: 9.16495e-05 | F4: 0.000934279 | G4: 0.000170144 | I4: 0.00111396 | J4: 0.000218719 | L4: =AVERAGE(C4,F4,I4) -> 0.000811939 | M4: =AVERAGE(D4,G4,J4) -> 0.00016017083 | O4: =_xlfn.STDEV.P(C4,F4,I4) -> 0.00030890453 | P4: =_xlfn.STDEV.P(D4,G4,J4) -> 5.2353048e-05
A5: 2.51189 | C5: 0.000413049 | D5: 9.30716e-05 | F5: 0.000982728 | G5: 0.000168722 | I5: 0.00117998 | J5: 0.000216552 | L5: =AVERAGE(C5,F5,I5) -> 0.00085858567 | M5: =AVERAGE(D5,G5,J5) -> 0.00015944853 | O5: =_xlfn.STDEV.P(C5,F5,I5) -> 0.00032517101 | P5: =_xlfn.STDEV.P(D5,G5,J5) -> 5.0835356e-05
A6: 3.98105 | C6: 0.000439025 | D6: 9.48377e-05 | F6: 0.00102977 | G6: 0.000167509 | I6: 0.00124642 | J6: 0.000216351 | L6: =AVERAGE(C6,F6,I6) -> 0.00090507167 | M6: =AVERAGE(D6,G6,J6) -> 0.0001595659 | O6: =_xlfn.STDEV.P(C6,F6,I6) -> 0.00034120759 | P6: =_xlfn.STDEV.P(D6,G6,J6) -> 4.9924544e-05
A7: 6.30957 | C7: 0.000465394 | D7: 9.70552e-05 | F7: 0.00107932 | G7: 0.000169084 | I7: 0.00130896 | J7: 0.000213495 | L7: =AVERAGE(C7,F7,I7) -> 0.00095122467 | M7: =AVERAGE(D7,G7,J7) -> 0.00015987807 | O7: =_xlfn.STDEV.P(C7,F7,I7) -> 0.00035609663 | P7: =_xlfn.STDEV.P(D7,G7,J7) -> 4.7979987e-05
A8: 10.0001 | C8: 0.000492851 | D8: 0.000100758 | F8: 0.00112449 | G8: 0.000174305 | I8: 0.00137117 | J8: 0.000218447 | L8: =AVERAGE(C8,F8,I8) -> 0.00099617033 | M8: =AVERAGE(D8,G8,J8) -> 0.00016450333 | O8: =_xlfn.STDEV.P(C8,F8,I8) -> 0.00036987432 | P8: =_xlfn.STDEV.P(D8,G8,J8) -> 4.8543655e-05
A9: 15.849 | C9: 0.000521671 | D9: 0.000105537 | F9: 0.00117064 | G9: 0.000180709 | I9: 0.00143296 | J9: 0.000224175 | L9: =AVERAGE(C9,F9,I9) -> 0.001041757 | M9: =AVERAGE(D9,G9,J9) -> 0.00017014033 | O9: =_xlfn.STDEV.P(C9,F9,I9) -> 0.00038303179 | P9: =_xlfn.STDEV.P(D9,G9,J9) -> 4.9006913e-05
A10: 25.1188 | C10: 0.000551757 | D10: 0.000111491 | F10: 0.00121729 | G10: 0.000190625 | I10: 0.0014944 | J10: 0.0002342 | L10: =AVERAGE(C10,F10,I10) -> 0.0010878157 | M10: =AVERAGE(D10,G10,J10) -> 0.000178772 | O10: =_xlfn.STDEV.P(C10,F10,I10) -> 0.00039557271 | P10: =_xlfn.STDEV.P(D10,G10,J10) -> 5.0792026e-05
A11: 39.8105 | C11: 0.000586099 | D11: 0.000119399 | F11: 0.00126459 | G11: 0.000204459 | I11: 0.00155564 | J11: 0.000249597 | L11: =AVERAGE(C11,F11,I11) -> 0.001135443 | M11: =AVERAGE(D11,G11,J11) -> 0.00019115167 | O11: =_xlfn.STDEV.P(C11,F11,I11) -> 0.00040621148 | P11: =_xlfn.STDEV.P(D11,G11,J11) -> 5.3979587e-05
A12: 63.0957 | C12: 0.000626026 | D12: 0.000130402 | F12: 0.00131515 | G12: 0.00022299 | I12: 0.00161962 | J12: 0.000271299 | L12: =AVERAGE(C12,F12,I12) -> 0.001186932 | M12: =AVERAGE(D12,G12,J12) -> 0.00020823033 | O12: =_xlfn.STDEV.P(C12,F12,I12) -> 0.00041564179 | P12: =_xlfn.STDEV.P(D12,G12,J12) -> 5.8460112e-05
A13: 100 | C13: 0.000669398 | D13: 0.000145781 | F13: 0.00134877 | G13: 0.000252462 | I13: 0.00167576 | J13: 0.000305448 | L13: =AVERAGE(C13,F13,I13) -> 0.0012313093 | M13: =AVERAGE(D13,G13,J13) -> 0.00023456367 | O13: =_xlfn.STDEV.P(C13,F13,I13) -> 0.00041915699 | P13: =_xlfn.STDEV.P(D13,G13,J13) -> 6.6401057e-05

Sheet 1233 parafilm+ 24 hpi
A1: Angular frequency | C1: Storage modulus | D1: Loss modulus | F1: Storage modulus | G1: Loss modulus | I1: Storage modulus | J1: Loss modulus | L1: WT Parafilm+ average G' | M1: WT Parafilm+ average G'' | O1: WT Parafilm+ SD G' | P1: WT Parafilm+ SD G''
A2: rad/s | C2: MPa | D2: MPa | F2: MPa | G2: MPa | I2: MPa | J2: MPa | L2: MPa | M2: MPa | O2: MPa | P2: MPa
A3: 1 | C3: 0.000436686 | D3: 0.000112265 | F3: 0.00143178 | G3: 0.000256359 | I3: 0.000425642 | J3: 0.000127412 | L3: =AVERAGE(C3,F3,I3) -> 0.00076470267 | M3: =AVERAGE(D3,G3,J3) -> 0.00016534533 | O3: =_xlfn.STDEV.P(C3,F3,I3) -> 0.00047171645 | P3: =_xlfn.STDEV.P(D3,G3,J3) -> 6.4652783e-05
A4: 1.5849 | C4: 0.000474142 | D4: 0.000112937 | F4: 0.00151549 | G4: 0.000248257 | I4: 0.000462858 | J4: 0.000127612 | L4: =AVERAGE(C4,F4,I4) -> 0.00081749667 | M4: =AVERAGE(D4,G4,J4) -> 0.00016293533 | O4: =_xlfn.STDEV.P(C4,F4,I4) -> 0.00049357732 | P4: =_xlfn.STDEV.P(D4,G4,J4) -> 6.0628261e-05
A5: 2.51189 | C5: 0.000508801 | D5: 0.000110787 | F5: 0.00158767 | G5: 0.000239609 | I5: 0.000499496 | J5: 0.00012608 | L5: =AVERAGE(C5,F5,I5) -> 0.00086532233 | M5: =AVERAGE(D5,G5,J5) -> 0.00015882533 | O5: =_xlfn.STDEV.P(C5,F5,I5) -> 0.00051079106 | P5: =_xlfn.STDEV.P(D5,G5,J5) -> 5.7462855e-05
A6: 3.98105 | C6: 0.000541603 | D6: 0.000113197 | F6: 0.00166185 | G6: 0.000236511 | I6: 0.000531694 | J6: 0.000131669 | L6: =AVERAGE(C6,F6,I6) -> 0.00091171567 | M6: =AVERAGE(D6,G6,J6) -> 0.000160459 | O6: =_xlfn.STDEV.P(C6,F6,I6) -> 0.0005304405 | P6: =_xlfn.STDEV.P(D6,G6,J6) -> 5.4303061e-05
A7: 6.30957 | C7: 0.000574784 | D7: 0.000115809 | F7: 0.00173622 | G7: 0.000237041 | I7: 0.000569616 | J7: 0.000133141 | L7: =AVERAGE(C7,F7,I7) -> 0.00096020667 | M7: =AVERAGE(D7,G7,J7) -> 0.000161997 | O7: =_xlfn.STDEV.P(C7,F7,I7) -> 0.00054872835 | P7: =_xlfn.STDEV.P(D7,G7,J7) -> 5.3533796e-05
A8: 10.0001 | C8: 0.000609776 | D8: 0.000118427 | F8: 0.00180985 | G8: 0.000243001 | I8: 0.000607452 | J8: 0.000135943 | L8: =AVERAGE(C8,F8,I8) -> 0.001009026 | M8: =AVERAGE(D8,G8,J8) -> 0.00016579033 | O8: =_xlfn.STDEV.P(C8,F8,I8) -> 0.00056626888 | P8: =_xlfn.STDEV.P(D8,G8,J8) -> 5.5062497e-05
A9: 15.849 | C9: 0.000645311 | D9: 0.000123559 | F9: 0.00188568 | G9: 0.000252638 | I9: 0.000646814 | J9: 0.000139678 | L9: =AVERAGE(C9,F9,I9) -> 0.0010592683 | M9: =AVERAGE(D9,G9,J9) -> 0.00017195833 | O9: =_xlfn.STDEV.P(C9,F9,I9) -> 0.00058436162 | P9: =_xlfn.STDEV.P(D9,G9,J9) -> 5.7427415e-05
A10: 25.1188 | C10: 0.000684344 | D10: 0.000129986 | F10: 0.00196605 | G10: 0.000266723 | I10: 0.000689341 | J10: 0.000145838 | L10: =AVERAGE(C10,F10,I10) -> 0.001113245 | M10: =AVERAGE(D10,G10,J10) -> 0.000180849 | O10: =_xlfn.STDEV.P(C10,F10,I10) -> 0.00060302765 | P10: =_xlfn.STDEV.P(D10,G10,J10) -> 6.1065972e-05
A11: 39.8105 | C11: 0.000730362 | D11: 0.000138533 | F11: 0.00205304 | G11: 0.000287459 | I11: 0.000739268 | J11: 0.000153455 | L11: =AVERAGE(C11,F11,I11) -> 0.0011742233 | M11: =AVERAGE(D11,G11,J11) -> 0.000193149 | O11: =_xlfn.STDEV.P(C11,F11,I11) -> 0.00062142786 | P11: =_xlfn.STDEV.P(D11,G11,J11) -> 6.6964909e-05
A12: 63.0957 | C12: 0.000790293 | D12: 0.000150762 | F12: 0.00215839 | G12: 0.000317541 | I12: 0.000804699 | J12: 0.000163216 | L12: =AVERAGE(C12,F12,I12) -> 0.0012511273 | M12: =AVERAGE(D12,G12,J12) -> 0.00021050633 | O12: =_xlfn.STDEV.P(C12,F12,I12) -> 0.00064155854 | P12: =_xlfn.STDEV.P(D12,G12,J12) -> 7.5855522e-05
A13: 100 | C13: 0.00087056 | D13: 0.000167897 | F13: 0.00230404 | G13: 0.000359177 | I13: 0.000895702 | J13: 0.000177203 | L13: =AVERAGE(C13,F13,I13) -> 0.0013567673 | M13: =AVERAGE(D13,G13,J13) -> 0.000234759 | O13: =_xlfn.STDEV.P(C13,F13,I13) -> 0.00066990156 | P13: =_xlfn.STDEV.P(D13,G13,J13) -> 8.8058804e-05

Sheet 1234 parafilm- 24 hpi
A1: Angular frequency | C1: Storage modulus | D1: Loss modulus | F1: Storage modulus | G1: Loss modulus | I1: Storage modulus | J1: Loss modulus | L1: Spore- Parafilm- average G' | M1: Spore- Parafilm- average G'' | O1: Spore- Parafilm- SD G' | P1: Spore- Parafilm- SD G''
A2: rad/s | C2: MPa | D2: MPa | F2: MPa | G2: MPa | I2: MPa | J2: MPa | L2: MPa | M2: MPa | O2: MPa | P2: MPa
A3: 1 | C3: 0.00426088 | D3: 0.000638631 | F3: 0.00532652 | G3: 0.000739712 | I3: 0.00431953 | J3: 0.000576767 | L3: =AVERAGE(C3,F3,I3) -> 0.0046356433 | M3: =AVERAGE(D3,G3,J3) -> 0.00065170333 | O3: =_xlfn.STDEV.P(C3,F3,I3) -> 0.00048911 | P3: =_xlfn.STDEV.P(D3,G3,J3) -> 6.7161163e-05
A4: 1.5849 | C4: 0.00441492 | D4: 0.000532547 | F4: 0.00552118 | G4: 0.00064703 | I4: 0.00446504 | J4: 0.000468384 | L4: =AVERAGE(C4,F4,I4) -> 0.00480038 | M4: =AVERAGE(D4,G4,J4) -> 0.00054932033 | O4: =_xlfn.STDEV.P(C4,F4,I4) -> 0.00051009312 | P4: =_xlfn.STDEV.P(D4,G4,J4) -> 7.3890039e-05
A5: 2.51189 | C5: 0.00452887 | D5: 0.000481502 | F5: 0.00566087 | G5: 0.000590775 | I5: 0.00458671 | J5: 0.000456221 | L5: =AVERAGE(C5,F5,I5) -> 0.0049254833 | M5: =AVERAGE(D5,G5,J5) -> 0.00050949933 | O5: =_xlfn.STDEV.P(C5,F5,I5) -> 0.00052053276 | P5: =_xlfn.STDEV.P(D5,G5,J5) -> 5.8389969e-05
A6: 3.98105 | C6: 0.00463359 | D6: 0.000442827 | F6: 0.00581244 | G6: 0.000542496 | I6: 0.00468765 | J6: 0.000437295 | L6: =AVERAGE(C6,F6,I6) -> 0.00504456 | M6: =AVERAGE(D6,G6,J6) -> 0.000474206 | O6: =_xlfn.STDEV.P(C6,F6,I6) -> 0.0005434215 | P6: =_xlfn.STDEV.P(D6,G6,J6) -> 4.8341106e-05
A7: 6.30957 | C7: 0.0047336 | D7: 0.000422194 | F7: 0.00593833 | G7: 0.000512148 | I7: 0.00478934 | J7: 0.00041931 | L7: =AVERAGE(C7,F7,I7) -> 0.0051537567 | M7: =AVERAGE(D7,G7,J7) -> 0.00045121733 | O7: =_xlfn.STDEV.P(C7,F7,I7) -> 0.00055524362 | P7: =_xlfn.STDEV.P(D7,G7,J7) -> 4.3100572e-05
A8: 10.0001 | C8: 0.00482884 | D8: 0.000412323 | F8: 0.00606987 | G8: 0.00050614 | I8: 0.00489718 | J8: 0.000406863 | L8: =AVERAGE(C8,F8,I8) -> 0.0052652967 | M8: =AVERAGE(D8,G8,J8) -> 0.00044177533 | O8: =_xlfn.STDEV.P(C8,F8,I8) -> 0.00056960295 | P8: =_xlfn.STDEV.P(D8,G8,J8) -> 4.5567244e-05
A9: 15.849 | C9: 0.00492616 | D9: 0.000410986 | F9: 0.00620654 | G9: 0.00050351 | I9: 0.00500073 | J9: 0.000409103 | L9: =AVERAGE(C9,F9,I9) -> 0.00537781 | M9: =AVERAGE(D9,G9,J9) -> 0.00044119967 | O9: =_xlfn.STDEV.P(C9,F9,I9) -> 0.00058679084 | P9: =_xlfn.STDEV.P(D9,G9,J9) -> 4.4066765e-05
A10: 25.1188 | C10: 0.00502503 | D10: 0.000423712 | F10: 0.00634119 | G10: 0.000517407 | I10: 0.00510374 | J10: 0.00042349 | L10: =AVERAGE(C10,F10,I10) -> 0.0054899867 | M10: =AVERAGE(D10,G10,J10) -> 0.00045486967 | O10: =_xlfn.STDEV.P(C10,F10,I10) -> 0.00060274879 | P10: =_xlfn.STDEV.P(D10,G10,J10) -> 4.4220665e-05
A11: 39.8105 | C11: 0.00512352 | D11: 0.000445496 | F11: 0.00647925 | G11: 0.000544155 | I11: 0.00521732 | J11: 0.000449263 | L11: =AVERAGE(C11,F11,I11) -> 0.0056066967 | M11: =AVERAGE(D11,G11,J11) -> 0.000479638 | O11: =_xlfn.STDEV.P(C11,F11,I11) -> 0.0006181756 | P11: =_xlfn.STDEV.P(D11,G11,J11) -> 4.5646322e-05
A12: 63.0957 | C12: 0.00522475 | D12: 0.000481524 | F12: 0.00661794 | G12: 0.000589425 | I12: 0.00534109 | J12: 0.000488913 | L12: =AVERAGE(C12,F12,I12) -> 0.0057279267 | M12: =AVERAGE(D12,G12,J12) -> 0.000519954 | O12: =_xlfn.STDEV.P(C12,F12,I12) -> 0.00063112416 | P12: =_xlfn.STDEV.P(D12,G12,J12) -> 4.9215947e-05
A13: 100 | C13: 0.00532807 | D13: 0.000536284 | F13: 0.00676551 | G13: 0.000655157 | I13: 0.00549521 | J13: 0.000544891 | L13: =AVERAGE(C13,F13,I13) -> 0.00586293 | M13: =AVERAGE(D13,G13,J13) -> 0.00057877733 | O13: =_xlfn.STDEV.P(C13,F13,I13) -> 0.00064185769 | P13: =_xlfn.STDEV.P(D13,G13,J13) -> 5.4122763e-05

Sheet 1234 parafilm+ 24 hpi
A1: Angular frequency | C1: Storage modulus | D1: Loss modulus | F1: Storage modulus | G1: Loss modulus | I1: Storage modulus | J1: Loss modulus | L1: Spore- Parafilm+ average G' | M1: Spore- Parafilm+ average G'' | O1: Spore- Parafilm+ SD G' | P1: Spore- Parafilm+ SD G''
A2: rad/s | C2: MPa | D2: MPa | F2: MPa | G2: MPa | I2: MPa | J2: MPa | L2: MPa | M2: MPa | O2: MPa | P2: MPa
A3: 1 | C3: 0.00422196 | D3: 0.00061517 | F3: 0.0119152 | G3: 0.00179263 | I3: 0.00445404 | J3: 0.000627633 | L3: =AVERAGE(C3,F3,I3) -> 0.0068637333 | M3: =AVERAGE(D3,G3,J3) -> 0.001011811 | O3: =_xlfn.STDEV.P(C3,F3,I3) -> 0.0035731827 | P3: =_xlfn.STDEV.P(D3,G3,J3) -> 0.00055214585
A4: 1.5849 | C4: 0.00440662 | D4: 0.000567908 | F4: 0.0122924 | G4: 0.0015228 | I4: 0.00462773 | J4: 0.000519107 | L4: =AVERAGE(C4,F4,I4) -> 0.0071089167 | M4: =AVERAGE(D4,G4,J4) -> 0.00086993833 | O4: =_xlfn.STDEV.P(C4,F4,I4) -> 0.0036663876 | P4: =_xlfn.STDEV.P(D4,G4,J4) -> 0.00046207261
A5: 2.51189 | C5: 0.00453505 | D5: 0.000539269 | F5: 0.0126047 | G5: 0.00142598 | I5: 0.00474618 | J5: 0.000464624 | L5: =AVERAGE(C5,F5,I5) -> 0.00729531 | M5: =AVERAGE(D5,G5,J5) -> 0.00080995767 | O5: =_xlfn.STDEV.P(C5,F5,I5) -> 0.003755295 | P5: =_xlfn.STDEV.P(D5,G5,J5) -> 0.00043665822
A6: 3.98105 | C6: 0.00467349 | D6: 0.000509059 | F6: 0.0129092 | G6: 0.00137534 | I6: 0.00486305 | J6: 0.000413872 | L6: =AVERAGE(C6,F6,I6) -> 0.0074819133 | M6: =AVERAGE(D6,G6,J6) -> 0.00076609033 | O6: =_xlfn.STDEV.P(C6,F6,I6) -> 0.0038384514 | P6: =_xlfn.STDEV.P(D6,G6,J6) -> 0.00043255366
A7: 6.30957 | C7: 0.00479957 | D7: 0.0005025 | F7: 0.0131994 | G7: 0.00134658 | I7: 0.00497123 | J7: 0.000391868 | L7: =AVERAGE(C7,F7,I7) -> 0.0076567333 | M7: =AVERAGE(D7,G7,J7) -> 0.00074698267 | O7: =_xlfn.STDEV.P(C7,F7,I7) -> 0.0039198837 | P7: =_xlfn.STDEV.P(D7,G7,J7) -> 0.00042637822
A8: 10.0001 | C8: 0.00492942 | D8: 0.000509945 | F8: 0.0135073 | G8: 0.00135976 | I8: 0.00507345 | J8: 0.000380188 | L8: =AVERAGE(C8,F8,I8) -> 0.0078367233 | M8: =AVERAGE(D8,G8,J8) -> 0.00074996433 | O8: =_xlfn.STDEV.P(C8,F8,I8) -> 0.0040101343 | P8: =_xlfn.STDEV.P(D8,G8,J8) -> 0.00043443242
A9: 15.849 | C9: 0.00506746 | D9: 0.00052659 | F9: 0.0138176 | G9: 0.00138843 | I9: 0.00517067 | J9: 0.000382915 | L9: =AVERAGE(C9,F9,I9) -> 0.0080185767 | M9: =AVERAGE(D9,G9,J9) -> 0.00076597833 | O9: =_xlfn.STDEV.P(C9,F9,I9) -> 0.0041007452 | P9: =_xlfn.STDEV.P(D9,G9,J9) -> 0.00044403092
A10: 25.1188 | C10: 0.00521094 | D10: 0.000555415 | F10: 0.0141445 | G10: 0.00143711 | I10: 0.00525677 | J10: 0.000398219 | L10: =AVERAGE(C10,F10,I10) -> 0.00820407 | M10: =AVERAGE(D10,G10,J10) -> 0.00079691467 | O10: =_xlfn.STDEV.P(C10,F10,I10) -> 0.00420056 | P10: =_xlfn.STDEV.P(D10,G10,J10) -> 0.00045721271
A11: 39.8105 | C11: 0.00536637 | D11: 0.000592246 | F11: 0.0144232 | G11: 0.00153867 | I11: 0.00535742 | J11: 0.000419267 | L11: =AVERAGE(C11,F11,I11) -> 0.00838233 | M11: =AVERAGE(D11,G11,J11) -> 0.000850061 | O11: =_xlfn.STDEV.P(C11,F11,I11) -> 0.0042715417 | P11: =_xlfn.STDEV.P(D11,G11,J11) -> 0.00049201436
A12: 63.0957 | C12: 0.0055406 | D12: 0.000641729 | F12: 0.014823 | G12: 0.00161466 | I12: 0.0054806 | J12: 0.000452084 | L12: =AVERAGE(C12,F12,I12) -> 0.0086147333 | M12: =AVERAGE(D12,G12,J12) -> 0.00090282433 | O12: =_xlfn.STDEV.P(C12,F12,I12) -> 0.0043899758 | P12: =_xlfn.STDEV.P(D12,G12,J12) -> 0.0005092634
A13: 100 | C13: 0.00575187 | D13: 0.000701059 | F13: 0.0152394 | G13: 0.00173413 | I13: 0.00563014 | J13: 0.000503814 | L13: =AVERAGE(C13,F13,I13) -> 0.0088738033 | M13: =AVERAGE(D13,G13,J13) -> 0.00097966767 | O13: =_xlfn.STDEV.P(C13,F13,I13) -> 0.0045014309 | P13: =_xlfn.STDEV.P(D13,G13,J13) -> 0.00053952847

Sheet 1250 parafilm- 24 hpi
A1: Angular frequency | C1: Storage modulus | D1: Loss modulus | F1: Storage modulus | G1: Loss modulus | I1: Storage modulus | J1: Loss modulus | L1: PGA- Parafilm- average G' | M1: PGA- Parafilm- average G'' | O1: PGA- Parafilm- SD G' | P1: PGA- Parafilm- SD G''
A2: rad/s | C2: MPa | D2: MPa | F2: MPa | G2: MPa | I2: MPa | J2: MPa | L2: MPa | M2: MPa | O2: MPa | P2: MPa
A3: 1 | C3: 0.000490411 | D3: 0.000118205 | F3: 0.00109371 | G3: 0.000221436 | I3: 0.00106899 | J3: 0.000228106 | L3: =AVERAGE(C3,F3,I3) -> 0.00088437033 | M3: =AVERAGE(D3,G3,J3) -> 0.000189249 | O3: =_xlfn.STDEV.P(C3,F3,I3) -> 0.00027875406 | P3: =_xlfn.STDEV.P(D3,G3,J3) -> 5.030944e-05
A4: 1.5849 | C4: 0.000527109 | D4: 0.000119308 | F4: 0.00116044 | G4: 0.000214144 | I4: 0.00113507 | J4: 0.000206366 | L4: =AVERAGE(C4,F4,I4) -> 0.000940873 | M4: =AVERAGE(D4,G4,J4) -> 0.00017993933 | O4: =_xlfn.STDEV.P(C4,F4,I4) -> 0.0002927586 | P4: =_xlfn.STDEV.P(D4,G4,J4) -> 4.2990257e-05
A5: 2.51189 | C5: 0.000557876 | D5: 0.000119353 | F5: 0.00122334 | G5: 0.00020825 | I5: 0.00121324 | J5: 0.000215906 | L5: =AVERAGE(C5,F5,I5) -> 0.000998152 | M5: =AVERAGE(D5,G5,J5) -> 0.00018116967 | O5: =_xlfn.STDEV.P(C5,F5,I5) -> 0.00031134945 | P5: =_xlfn.STDEV.P(D5,G5,J5) -> 4.3822588e-05
A6: 3.98105 | C6: 0.00059478 | D6: 0.000118129 | F6: 0.00128661 | G6: 0.000206764 | I6: 0.00127802 | J6: 0.000216802 | L6: =AVERAGE(C6,F6,I6) -> 0.0010531367 | M6: =AVERAGE(D6,G6,J6) -> 0.000180565 | O6: =_xlfn.STDEV.P(C6,F6,I6) -> 0.00032412608 | P6: =_xlfn.STDEV.P(D6,G6,J6) -> 4.4338703e-05
A7: 6.30957 | C7: 0.00062939 | D7: 0.000120959 | F7: 0.00134738 | G7: 0.000206929 | I7: 0.00134327 | J7: 0.000217265 | L7: =AVERAGE(C7,F7,I7) -> 0.00110668 | M7: =AVERAGE(D7,G7,J7) -> 0.00018171767 | O7: =_xlfn.STDEV.P(C7,F7,I7) -> 0.00033749917 | P7: =_xlfn.STDEV.P(D7,G7,J7) -> 4.3169587e-05
A8: 10.0001 | C8: 0.000664265 | D8: 0.000124639 | F8: 0.00140842 | G8: 0.000209113 | I8: 0.00140826 | J8: 0.000220854 | L8: =AVERAGE(C8,F8,I8) -> 0.001160315 | M8: =AVERAGE(D8,G8,J8) -> 0.00018486867 | O8: =_xlfn.STDEV.P(C8,F8,I8) -> 0.00035076032 | P8: =_xlfn.STDEV.P(D8,G8,J8) -> 4.285769e-05
A9: 15.849 | C9: 0.000699743 | D9: 0.000129124 | F9: 0.00147128 | G9: 0.000216328 | I9: 0.00147374 | J9: 0.000225303 | L9: =AVERAGE(C9,F9,I9) -> 0.001214921 | M9: =AVERAGE(D9,G9,J9) -> 0.00019025167 | O9: =_xlfn.STDEV.P(C9,F9,I9) -> 0.00036428724 | P9: =_xlfn.STDEV.P(D9,G9,J9) -> 4.3378807e-05
A10: 25.1188 | C10: 0.000735759 | D10: 0.000135626 | F10: 0.00153639 | G10: 0.000227064 | I10: 0.00154051 | J10: 0.000235775 | L10: =AVERAGE(C10,F10,I10) -> 0.0012708863 | M10: =AVERAGE(D10,G10,J10) -> 0.00019948833 | O10: =_xlfn.STDEV.P(C10,F10,I10) -> 0.0003783959 | P10: =_xlfn.STDEV.P(D10,G10,J10) -> 4.5297304e-05
A11: 39.8105 | C11: 0.000773936 | D11: 0.000145228 | F11: 0.00160616 | G11: 0.000244007 | I11: 0.00161136 | J11: 0.000251451 | L11: =AVERAGE(C11,F11,I11) -> 0.0013304853 | M11: =AVERAGE(D11,G11,J11) -> 0.000213562 | O11: =_xlfn.STDEV.P(C11,F11,I11) -> 0.00039354553 | P11: =_xlfn.STDEV.P(D11,G11,J11) -> 4.8414908e-05
A12: 63.0957 | C12: 0.000815431 | D12: 0.000158929 | F12: 0.00169283 | G12: 0.000266466 | I12: 0.00169451 | J12: 0.000274168 | L12: =AVERAGE(C12,F12,I12) -> 0.0014009237 | M12: =AVERAGE(D12,G12,J12) -> 0.00023318767 | O12: =_xlfn.STDEV.P(C12,F12,I12) -> 0.0004140064 | P12: =_xlfn.STDEV.P(D12,G12,J12) -> 5.2602867e-05
A13: 100 | C13: 0.000850996 | D13: 0.000178295 | F13: 0.00180809 | G13: 0.00030222 | I13: 0.00179746 | J13: 0.000308362 | L13: =AVERAGE(C13,F13,I13) -> 0.0014855153 | M13: =AVERAGE(D13,G13,J13) -> 0.000262959 | O13: =_xlfn.STDEV.P(C13,F13,I13) -> 0.00044869391 | P13: =_xlfn.STDEV.P(D13,G13,J13) -> 5.9918977e-05

Sheet 1250 parafilm+ 24 hpi
A1: Angular frequency | C1: Storage modulus | D1: Loss modulus | F1: Storage modulus | G1: Loss modulus | I1: Storage modulus | J1: Loss modulus | L1: PGA- Parafilm+ average G' | M1: PGA- Parafilm+ average G'' | O1: PGA- Parafilm+ SD G' | P1: PGA- Parafilm+ SD G''
A2: rad/s | C2: MPa | D2: MPa | F2: MPa | G2: MPa | I2: MPa | J2: MPa | L2: MPa | M2: MPa | O2: MPa | P2: MPa
A3: 1 | C3: 0.000252191 | D3: 8.83202e-05 | F3: 0.00451575 | G3: 0.000328754 | L3: =AVERAGE(C3,F3,I3) -> 0.0023839705 | M3: =AVERAGE(D3,G3,J3) -> 0.0002085371 | O3: =_xlfn.STDEV.P(C3,F3,I3) -> 0.0021317795 | P3: =_xlfn.STDEV.P(D3,G3,J3) -> 0.0001202169
A4: 1.5849 | C4: 0.00027308 | D4: 8.86791e-05 | F4: 0.00456269 | G4: 0.000260694 | L4: =AVERAGE(C4,F4,I4) -> 0.002417885 | M4: =AVERAGE(D4,G4,J4) -> 0.00017468655 | O4: =_xlfn.STDEV.P(C4,F4,I4) -> 0.002144805 | P4: =_xlfn.STDEV.P(D4,G4,J4) -> 8.600745e-05
A5: 2.51189 | C5: 0.000297265 | D5: 8.96348e-05 | F5: 0.00466535 | G5: 0.000267922 | L5: =AVERAGE(C5,F5,I5) -> 0.0024813075 | M5: =AVERAGE(D5,G5,J5) -> 0.0001787784 | O5: =_xlfn.STDEV.P(C5,F5,I5) -> 0.0021840425 | P5: =_xlfn.STDEV.P(D5,G5,J5) -> 8.91436e-05
A6: 3.98105 | C6: 0.000314551 | D6: 9.09246e-05 | F6: 0.00474835 | G6: 0.000261432 | L6: =AVERAGE(C6,F6,I6) -> 0.0025314505 | M6: =AVERAGE(D6,G6,J6) -> 0.0001761783 | O6: =_xlfn.STDEV.P(C6,F6,I6) -> 0.0022168995 | P6: =_xlfn.STDEV.P(D6,G6,J6) -> 8.52537e-05
A7: 6.30957 | C7: 0.00033791 | D7: 9.51082e-05 | F7: 0.00482245 | G7: 0.000257229 | L7: =AVERAGE(C7,F7,I7) -> 0.00258018 | M7: =AVERAGE(D7,G7,J7) -> 0.0001761686 | O7: =_xlfn.STDEV.P(C7,F7,I7) -> 0.00224227 | P7: =_xlfn.STDEV.P(D7,G7,J7) -> 8.10604e-05
A8: 10.0001 | C8: 0.000365133 | D8: 0.000102719 | F8: 0.00489754 | G8: 0.000263636 | L8: =AVERAGE(C8,F8,I8) -> 0.0026313365 | M8: =AVERAGE(D8,G8,J8) -> 0.0001831775 | O8: =_xlfn.STDEV.P(C8,F8,I8) -> 0.0022662035 | P8: =_xlfn.STDEV.P(D8,G8,J8) -> 8.04585e-05
A9: 15.849 | C9: 0.000389546 | D9: 0.000108303 | F9: 0.00498137 | G9: 0.000266558 | L9: =AVERAGE(C9,F9,I9) -> 0.002685458 | M9: =AVERAGE(D9,G9,J9) -> 0.0001874305 | O9: =_xlfn.STDEV.P(C9,F9,I9) -> 0.002295912 | P9: =_xlfn.STDEV.P(D9,G9,J9) -> 7.91275e-05
A10: 25.1188 | C10: 0.000418251 | D10: 0.000116773 | F10: 0.00506065 | G10: 0.000270578 | L10: =AVERAGE(C10,F10,I10) -> 0.0027394505 | M10: =AVERAGE(D10,G10,J10) -> 0.0001936755 | O10: =_xlfn.STDEV.P(C10,F10,I10) -> 0.0023211995 | P10: =_xlfn.STDEV.P(D10,G10,J10) -> 7.69025e-05
A11: 39.8105 | C11: 0.000448644 | D11: 0.000125031 | F11: 0.00514373 | G11: 0.000285791 | L11: =AVERAGE(C11,F11,I11) -> 0.002796187 | M11: =AVERAGE(D11,G11,J11) -> 0.000205411 | O11: =_xlfn.STDEV.P(C11,F11,I11) -> 0.002347543 | P11: =_xlfn.STDEV.P(D11,G11,J11) -> 8.038e-05
A12: 63.0957 | C12: 0.000479828 | D12: 0.000135488 | F12: 0.00522903 | G12: 0.000307465 | L12: =AVERAGE(C12,F12,I12) -> 0.002854429 | M12: =AVERAGE(D12,G12,J12) -> 0.0002214765 | O12: =_xlfn.STDEV.P(C12,F12,I12) -> 0.002374601 | P12: =_xlfn.STDEV.P(D12,G12,J12) -> 8.59885e-05
A13: 100 | C13: 0.000507428 | D13: 0.000149469 | F13: 0.0053475 | G13: 0.000346718 | L13: =AVERAGE(C13,F13,I13) -> 0.002927464 | M13: =AVERAGE(D13,G13,J13) -> 0.0002480935 | O13: =_xlfn.STDEV.P(C13,F13,I13) -> 0.002420036 | P13: =_xlfn.STDEV.P(D13,G13,J13) -> 9.86245e-05

Sheet 1480 parafilm- 24 hpi
A1: Angular frequency | C1: Storage modulus | D1: Loss modulus | F1: Storage modulus | G1: Loss modulus | I1: Storage modulus | J1: Loss modulus | L1: EPS- Parafilm- average G' | M1: EPS- Parafilm- average G'' | O1: EPS- Parafilm- SD G' | P1: EPS- Parafilm- SD G''
A2: rad/s | C2: MPa | D2: MPa | F2: MPa | G2: MPa | I2: MPa | J2: MPa | L2: MPa | M2: MPa | O2: MPa | P2: MPa
A3: 1 | C3: 0.000759563 | D3: 0.000210909 | F3: 0.00117204 | G3: 0.000279296 | I3: 0.00108269 | J3: 0.000234617 | L3: =AVERAGE(C3,F3,I3) -> 0.0010047643 | M3: =AVERAGE(D3,G3,J3) -> 0.00024160733 | O3: =_xlfn.STDEV.P(C3,F3,I3) -> 0.00017717905 | P3: =_xlfn.STDEV.P(D3,G3,J3) -> 2.835306e-05
A4: 1.5849 | C4: 0.0008359 | D4: 0.000199716 | F4: 0.00129747 | G4: 0.000265967 | I4: 0.00117938 | J4: 0.000234586 | L4: =AVERAGE(C4,F4,I4) -> 0.00110425 | M4: =AVERAGE(D4,G4,J4) -> 0.000233423 | O4: =_xlfn.STDEV.P(C4,F4,I4) -> 0.00019578067 | P4: =_xlfn.STDEV.P(D4,G4,J4) -> 2.7059357e-05
A5: 2.51189 | C5: 0.000903326 | D5: 0.000200327 | F5: 0.00140131 | G5: 0.00026177 | I5: 0.00126214 | J5: 0.000220524 | L5: =AVERAGE(C5,F5,I5) -> 0.0011889253 | M5: =AVERAGE(D5,G5,J5) -> 0.00022754033 | O5: =_xlfn.STDEV.P(C5,F5,I5) -> 0.00020978927 | P5: =_xlfn.STDEV.P(D5,G5,J5) -> 2.5569934e-05
A6: 3.98105 | C6: 0.000974395 | D6: 0.000197298 | F6: 0.00149069 | G6: 0.000248802 | I6: 0.0013435 | J6: 0.000226425 | L6: =AVERAGE(C6,F6,I6) -> 0.0012695283 | M6: =AVERAGE(D6,G6,J6) -> 0.000224175 | O6: =_xlfn.STDEV.P(C6,F6,I6) -> 0.00021716965 | P6: =_xlfn.STDEV.P(D6,G6,J6) -> 2.1086526e-05
A7: 6.30957 | C7: 0.0010422 | D7: 0.000197069 | F7: 0.0015877 | G7: 0.000255501 | I7: 0.00142485 | J7: 0.000227663 | L7: =AVERAGE(C7,F7,I7) -> 0.0013515833 | M7: =AVERAGE(D7,G7,J7) -> 0.00022674433 | O7: =_xlfn.STDEV.P(C7,F7,I7) -> 0.00022864611 | P7: =_xlfn.STDEV.P(D7,G7,J7) -> 2.3863607e-05
A8: 10.0001 | C8: 0.00110847 | D8: 0.000204772 | F8: 0.00167377 | G8: 0.000259453 | I8: 0.00151356 | J8: 0.000236504 | L8: =AVERAGE(C8,F8,I8) -> 0.0014319333 | M8: =AVERAGE(D8,G8,J8) -> 0.00023357633 | O8: =_xlfn.STDEV.P(C8,F8,I8) -> 0.00023789102 | P8: =_xlfn.STDEV.P(D8,G8,J8) -> 2.2419208e-05
A9: 15.849 | C9: 0.00116981 | D9: 0.000211036 | F9: 0.00176026 | G9: 0.000263809 | I9: 0.00160295 | J9: 0.000250247 | L9: =AVERAGE(C9,F9,I9) -> 0.0015110067 | M9: =AVERAGE(D9,G9,J9) -> 0.00024169733 | O9: =_xlfn.STDEV.P(C9,F9,I9) -> 0.00024966375 | P9: =_xlfn.STDEV.P(D9,G9,J9) -> 2.2376624e-05
A10: 25.1188 | C10: 0.00123502 | D10: 0.00021783 | F10: 0.00185771 | G10: 0.000280093 | I10: 0.00169429 | J10: 0.00026917 | L10: =AVERAGE(C10,F10,I10) -> 0.0015956733 | M10: =AVERAGE(D10,G10,J10) -> 0.00025569767 | O10: =_xlfn.STDEV.P(C10,F10,I10) -> 0.00026360279 | P10: =_xlfn.STDEV.P(D10,G10,J10) -> 2.7145265e-05
A11: 39.8105 | C11: 0.00132745 | D11: 0.000235654 | F11: 0.00197462 | G11: 0.000301788 | I11: 0.00180518 | J11: 0.000290359 | L11: =AVERAGE(C11,F11,I11) -> 0.0017024167 | M11: =AVERAGE(D11,G11,J11) -> 0.00027593367 | O11: =_xlfn.STDEV.P(C11,F11,I11) -> 0.0002740164 | P11: =_xlfn.STDEV.P(D11,G11,J11) -> 2.8861672e-05
A12: 63.0957 | C12: 0.0014682 | D12: 0.000258289 | F12: 0.00214668 | G12: 0.00032962 | I12: 0.00196527 | J12: 0.000321281 | L12: =AVERAGE(C12,F12,I12) -> 0.00186005 | M12: =AVERAGE(D12,G12,J12) -> 0.00030306333 | O12: =_xlfn.STDEV.P(C12,F12,I12) -> 0.0002868068 | P12: =_xlfn.STDEV.P(D12,G12,J12) -> 3.1842743e-05
A13: 100 | C13: 0.00171336 | D13: 0.000289461 | F13: 0.00245993 | G13: 0.000375805 | I13: 0.00223176 | J13: 0.000363637 | L13: =AVERAGE(C13,F13,I13) -> 0.0021350167 | M13: =AVERAGE(D13,G13,J13) -> 0.00034296767 | O13: =_xlfn.STDEV.P(C13,F13,I13) -> 0.00031236853 | P13: =_xlfn.STDEV.P(D13,G13,J13) -> 3.8159644e-05

Sheet NAD003 parafilm- 24 hpi
A1: Angular frequency | C1: Storage modulus | D1: Loss modulus | F1: Storage modulus | G1: Loss modulus | I1: Storage modulus | J1: Loss modulus | L1: EPS- Parafilm- average G' | M1: EPS- Parafilm- average G'' | O1: EPS- Parafilm- SD G' | P1: EPS- Parafilm- SD G''
A2: rad/s | C2: MPa | D2: MPa | F2: MPa | G2: MPa | I2: MPa | J2: MPa | L2: MPa | M2: MPa | O2: MPa | P2: MPa
A3: 1 | C3: 0.000715609 | D3: 0.000169297 | F3: 0.00057955 | G3: 0.000131185 | I3: 0.000701573 | J3: 0.000161352 | L3: =AVERAGE(C3,F3,I3) -> 0.00066557733 | M3: =AVERAGE(D3,G3,J3) -> 0.00015394467 | O3: =_xlfn.STDEV.P(C3,F3,I3) -> 6.1099803e-05 | P3: =_xlfn.STDEV.P(D3,G3,J3) -> 1.6417117e-05
A4: 1.5849 | C4: 0.000772432 | D4: 0.000166596 | F4: 0.000621609 | G4: 0.00012962 | I4: 0.000751833 | J4: 0.000157618 | L4: =AVERAGE(C4,F4,I4) -> 0.00071529133 | M4: =AVERAGE(D4,G4,J4) -> 0.000151278 | O4: =_xlfn.STDEV.P(C4,F4,I4) -> 6.6775067e-05 | P4: =_xlfn.STDEV.P(D4,G4,J4) -> 1.5747018e-05
A5: 2.51189 | C5: 0.000825039 | D5: 0.00016962 | F5: 0.000659679 | G5: 0.00012822 | I5: 0.000801141 | J5: 0.000153326 | L5: =AVERAGE(C5,F5,I5) -> 0.000761953 | M5: =AVERAGE(D5,G5,J5) -> 0.00015038867 | O5: =_xlfn.STDEV.P(C5,F5,I5) -> 7.2973771e-05 | P5: =_xlfn.STDEV.P(D5,G5,J5) -> 1.7028622e-05
A6: 3.98105 | C6: 0.000876666 | D6: 0.000171134 | F6: 0.000696197 | G6: 0.000130698 | I6: 0.000846723 | J6: 0.000155256 | L6: =AVERAGE(C6,F6,I6) -> 0.00080652867 | M6: =AVERAGE(D6,G6,J6) -> 0.00015236267 | O6: =_xlfn.STDEV.P(C6,F6,I6) -> 7.8968151e-05 | P6: =_xlfn.STDEV.P(D6,G6,J6) -> 1.6634223e-05
A7: 6.30957 | C7: 0.000927786 | D7: 0.000173767 | F7: 0.000733992 | G7: 0.000131863 | I7: 0.000893475 | J7: 0.000157533 | L7: =AVERAGE(C7,F7,I7) -> 0.000851751 | M7: =AVERAGE(D7,G7,J7) -> 0.00015438767 | O7: =_xlfn.STDEV.P(C7,F7,I7) -> 8.4438134e-05 | P7: =_xlfn.STDEV.P(D7,G7,J7) -> 1.7251206e-05
A8: 10.0001 | C8: 0.000979921 | D8: 0.000178015 | F8: 0.000773763 | G8: 0.000135049 | I8: 0.000940315 | J8: 0.000160561 | L8: =AVERAGE(C8,F8,I8) -> 0.00089799967 | M8: =AVERAGE(D8,G8,J8) -> 0.000157875 | O8: =_xlfn.STDEV.P(C8,F8,I8) -> 8.9324207e-05 | P8: =_xlfn.STDEV.P(D8,G8,J8) -> 1.7643322e-05
A9: 15.849 | C9: 0.00103449 | D9: 0.000183437 | F9: 0.000813565 | G9: 0.000139891 | I9: 0.00098805 | J9: 0.000166702 | L9: =AVERAGE(C9,F9,I9) -> 0.00094536833 | M9: =AVERAGE(D9,G9,J9) -> 0.00016334333 | O9: =_xlfn.STDEV.P(C9,F9,I9) -> 9.510786e-05 | P9: =_xlfn.STDEV.P(D9,G9,J9) -> 1.7935514e-05
A10: 25.1188 | C10: 0.00109132 | D10: 0.000192953 | F10: 0.000857353 | G10: 0.00014626 | I10: 0.0010382 | J10: 0.000174953 | L10: =AVERAGE(C10,F10,I10) -> 0.00099562433 | M10: =AVERAGE(D10,G10,J10) -> 0.00017138867 | O10: =_xlfn.STDEV.P(C10,F10,I10) -> 0.00010014874 | P10: =_xlfn.STDEV.P(D10,G10,J10) -> 1.9228233e-05
A11: 39.8105 | C11: 0.00115615 | D11: 0.00020616 | F11: 0.000907195 | G11: 0.000154705 | I11: 0.00108613 | J11: 0.000187374 | L11: =AVERAGE(C11,F11,I11) -> 0.001049825 | M11: =AVERAGE(D11,G11,J11) -> 0.00018274633 | O11: =_xlfn.STDEV.P(C11,F11,I11) -> 0.00010482744 | P11: =_xlfn.STDEV.P(D11,G11,J11) -> 2.1259754e-05
A12: 63.0957 | C12: 0.00124459 | D12: 0.000225203 | F12: 0.0009726 | G12: 0.000167443 | I12: 0.00114974 | J12: 0.000203359 | L12: =AVERAGE(C12,F12,I12) -> 0.00112231 | M12: =AVERAGE(D12,G12,J12) -> 0.00019866833 | O12: =_xlfn.STDEV.P(C12,F12,I12) -> 0.00011272073 | P12: =_xlfn.STDEV.P(D12,G12,J12) -> 2.3812548e-05
A13: 100 | C13: 0.00136721 | D13: 0.000252865 | F13: 0.00105694 | G13: 0.000185672 | I13: 0.00120906 | J13: 0.000227 | L13: =AVERAGE(C13,F13,I13) -> 0.00121107 | M13: =AVERAGE(D13,G13,J13) -> 0.00022184567 | O13: =_xlfn.STDEV.P(C13,F13,I13) -> 0.00012667517 | P13: =_xlfn.STDEV.P(D13,G13,J13) -> 2.7672491e-05

Sheet NAD003 parafilm+ 24 hpi
A1: Angular frequency | C1: Storage modulus | D1: Loss modulus | F1: Storage modulus | G1: Loss modulus | I1: Storage modulus | J1: Loss modulus | L1: EPS- Parafilm+ average G' | M1: EPS- Parafilm+ average G'' | O1: EPS- Parafilm+ SD G' | P1: EPS- Parafilm+ SD G''
A2: rad/s | C2: MPa | D2: MPa | F2: MPa | G2: MPa | I2: MPa | J2: MPa | L2: MPa | M2: MPa | O2: MPa | P2: MPa
A3: 1 | C3: 0.000223202 | D3: 8.36099e-05 | F3: 0.000769801 | G3: 0.000180754 | L3: =AVERAGE(C3,F3,I3) -> 0.0004965015 | M3: =AVERAGE(D3,G3,J3) -> 0.00013218195 | O3: =_xlfn.STDEV.P(C3,F3,I3) -> 0.0002732995 | P3: =_xlfn.STDEV.P(D3,G3,J3) -> 4.857205e-05
A4: 1.5849 | C4: 0.000243314 | D4: 8.57116e-05 | F4: 0.000825707 | G4: 0.000187669 | L4: =AVERAGE(C4,F4,I4) -> 0.0005345105 | M4: =AVERAGE(D4,G4,J4) -> 0.0001366903 | O4: =_xlfn.STDEV.P(C4,F4,I4) -> 0.0002911965 | P4: =_xlfn.STDEV.P(D4,G4,J4) -> 5.09787e-05
A5: 2.51189 | C5: 0.000259295 | D5: 8.41185e-05 | F5: 0.000873788 | G5: 0.000175796 | L5: =AVERAGE(C5,F5,I5) -> 0.0005665415 | M5: =AVERAGE(D5,G5,J5) -> 0.00012995725 | O5: =_xlfn.STDEV.P(C5,F5,I5) -> 0.0003072465 | P5: =_xlfn.STDEV.P(D5,G5,J5) -> 4.583875e-05
A6: 3.98105 | C6: 0.00027379 | D6: 8.42521e-05 | F6: 0.000926996 | G6: 0.000177444 | L6: =AVERAGE(C6,F6,I6) -> 0.000600393 | M6: =AVERAGE(D6,G6,J6) -> 0.00013084805 | O6: =_xlfn.STDEV.P(C6,F6,I6) -> 0.000326603 | P6: =_xlfn.STDEV.P(D6,G6,J6) -> 4.659595e-05
A7: 6.30957 | C7: 0.00029171 | D7: 8.4277e-05 | F7: 0.000979748 | G7: 0.000179196 | L7: =AVERAGE(C7,F7,I7) -> 0.000635729 | M7: =AVERAGE(D7,G7,J7) -> 0.0001317365 | O7: =_xlfn.STDEV.P(C7,F7,I7) -> 0.000344019 | P7: =_xlfn.STDEV.P(D7,G7,J7) -> 4.74595e-05
A8: 10.0001 | C8: 0.000309163 | D8: 8.27062e-05 | F8: 0.00103288 | G8: 0.000182835 | L8: =AVERAGE(C8,F8,I8) -> 0.0006710215 | M8: =AVERAGE(D8,G8,J8) -> 0.0001327706 | O8: =_xlfn.STDEV.P(C8,F8,I8) -> 0.0003618585 | P8: =_xlfn.STDEV.P(D8,G8,J8) -> 5.00644e-05
A9: 15.849 | C9: 0.00032965 | D9: 8.39012e-05 | F9: 0.0010861 | G9: 0.000188167 | L9: =AVERAGE(C9,F9,I9) -> 0.000707875 | M9: =AVERAGE(D9,G9,J9) -> 0.0001360341 | O9: =_xlfn.STDEV.P(C9,F9,I9) -> 0.000378225 | P9: =_xlfn.STDEV.P(D9,G9,J9) -> 5.21329e-05
A10: 25.1188 | C10: 0.000351947 | D10: 8.56207e-05 | F10: 0.00114064 | G10: 0.000195032 | L10: =AVERAGE(C10,F10,I10) -> 0.0007462935 | M10: =AVERAGE(D10,G10,J10) -> 0.00014032635 | O10: =_xlfn.STDEV.P(C10,F10,I10) -> 0.0003943465 | P10: =_xlfn.STDEV.P(D10,G10,J10) -> 5.470565e-05
A11: 39.8105 | C11: 0.000379037 | D11: 8.82187e-05 | F11: 0.00119518 | G11: 0.000206873 | L11: =AVERAGE(C11,F11,I11) -> 0.0007871085 | M11: =AVERAGE(D11,G11,J11) -> 0.00014754585 | O11: =_xlfn.STDEV.P(C11,F11,I11) -> 0.0004080715 | P11: =_xlfn.STDEV.P(D11,G11,J11) -> 5.932715e-05
A12: 63.0957 | C12: 0.000413779 | D12: 9.32404e-05 | F12: 0.00125508 | G12: 0.000223323 | L12: =AVERAGE(C12,F12,I12) -> 0.0008344295 | M12: =AVERAGE(D12,G12,J12) -> 0.0001582817 | O12: =_xlfn.STDEV.P(C12,F12,I12) -> 0.0004206505 | P12: =_xlfn.STDEV.P(D12,G12,J12) -> 6.50413e-05
A13: 100 | C13: 0.000459776 | D13: 0.000102138 | F13: 0.00130481 | G13: 0.00024737 | L13: =AVERAGE(C13,F13,I13) -> 0.000882293 | M13: =AVERAGE(D13,G13,J13) -> 0.000174754 | O13: =_xlfn.STDEV.P(C13,F13,I13) -> 0.000422517 | P13: =_xlfn.STDEV.P(D13,G13,J13) -> 7.2616e-05

Sheet Average comparison
A1: Angular frequency | C1: ='1233 parafilm- 24 hpi'!L1 -> WT Parafilm- average G' | D1: ='1233 parafilm- 24 hpi'!M1 -> WT Parafilm- average G'' | F1: ='1233 parafilm+ 24 hpi'!L1 -> WT Parafilm+ average G' | G1: ='1233 parafilm+ 24 hpi'!M1 -> WT Parafilm+ average G'' | I1: ='1234 parafilm- 24 hpi'!L1 -> Spore- Parafilm- average G' | J1: ='1234 parafilm- 24 hpi'!M1 -> Spore- Parafilm- average G'' | L1: ='1234 parafilm+ 24 hpi'!L1 -> Spore- Parafilm+ average G' | M1: ='1234 parafilm+ 24 hpi'!M1 -> Spore- Parafilm+ average G'' | O1: ='1250 parafilm- 24 hpi'!L1 -> PGA- Parafilm- average G' | P1: ='1250 parafilm- 24 hpi'!M1 -> PGA- Parafilm- average G'' | R1: ='1250 parafilm+ 24 hpi'!L1 -> PGA- Parafilm+ average G' | S1: ='1250 parafilm+ 24 hpi'!M1 -> PGA- Parafilm+ average G'' | U1: ='NAD003 parafilm- 24 hpi'!L1 -> EPS- Parafilm- average G' | V1: ='NAD003 parafilm- 24 hpi'!M1 -> EPS- Parafilm- average G'' | X1: ='NAD003 parafilm+ 24 hpi'!L1 -> EPS- Parafilm+ average G' | Y1: ='NAD003 parafilm+ 24 hpi'!M1 -> EPS- Parafilm+ average G''
A2: 1 | C2: ='1233 parafilm- 24 hpi'!L3 -> 0.00076355567 | D2: ='1233 parafilm- 24 hpi'!M3 -> 0.00016397043 | F2: ='1233 parafilm+ 24 hpi'!L3 -> 0.00076470267 | G2: ='1233 parafilm+ 24 hpi'!M3 -> 0.00016534533 | I2: ='1234 parafilm- 24 hpi'!L3 -> 0.0046356433 | J2: ='1234 parafilm- 24 hpi'!M3 -> 0.00065170333 | L2: ='1234 parafilm+ 24 hpi'!L3 -> 0.0068637333 | M2: ='1234 parafilm+ 24 hpi'!M3 -> 0.001011811 | O2: ='1250 parafilm- 24 hpi'!L3 -> 0.00088437033 | P2: ='1250 parafilm- 24 hpi'!M3 -> 0.000189249 | R2: ='1250 parafilm+ 24 hpi'!L3 -> 0.0023839705 | S2: ='1250 parafilm+ 24 hpi'!M3 -> 0.0002085371 | U2: ='1480 parafilm- 24 hpi'!L3 -> 0.0010047643 | V2: ='1480 parafilm- 24 hpi'!M3 -> 0.00024160733 | X2: ='NAD003 parafilm+ 24 hpi'!L3 -> 0.0004965015 | Y2: ='NAD003 parafilm+ 24 hpi'!M3 -> 0.00013218195
A3: 1.5849 | C3: ='1233 parafilm- 24 hpi'!L4 -> 0.000811939 | D3: ='1233 parafilm- 24 hpi'!M4 -> 0.00016017083 | F3: ='1233 parafilm+ 24 hpi'!L4 -> 0.00081749667 | G3: ='1233 parafilm+ 24 hpi'!M4 -> 0.00016293533 | I3: ='1234 parafilm- 24 hpi'!L4 -> 0.00480038 | J3: ='1234 parafilm- 24 hpi'!M4 -> 0.00054932033 | L3: ='1234 parafilm+ 24 hpi'!L4 -> 0.0071089167 | M3: ='1234 parafilm+ 24 hpi'!M4 -> 0.00086993833 | O3: ='1250 parafilm- 24 hpi'!L4 -> 0.000940873 | P3: ='1250 parafilm- 24 hpi'!M4 -> 0.00017993933 | R3: ='1250 parafilm+ 24 hpi'!L4 -> 0.002417885 | S3: ='1250 parafilm+ 24 hpi'!M4 -> 0.00017468655 | U3: ='1480 parafilm- 24 hpi'!L4 -> 0.00110425 | V3: ='1480 parafilm- 24 hpi'!M4 -> 0.000233423 | X3: ='NAD003 parafilm+ 24 hpi'!L4 -> 0.0005345105 | Y3: ='NAD003 parafilm+ 24 hpi'!M4 -> 0.0001366903
A4: 2.51189 | C4: ='1233 parafilm- 24 hpi'!L5 -> 0.00085858567 | D4: ='1233 parafilm- 24 hpi'!M5 -> 0.00015944853 | F4: ='1233 parafilm+ 24 hpi'!L5 -> 0.00086532233 | G4: ='1233 parafilm+ 24 hpi'!M5 -> 0.00015882533 | I4: ='1234 parafilm- 24 hpi'!L5 -> 0.0049254833 | J4: ='1234 parafilm- 24 hpi'!M5 -> 0.00050949933 | L4: ='1234 parafilm+ 24 hpi'!L5 -> 0.00729531 | M4: ='1234 parafilm+ 24 hpi'!M5 -> 0.00080995767 | O4: ='1250 parafilm- 24 hpi'!L5 -> 0.000998152 | P4: ='1250 parafilm- 24 hpi'!M5 -> 0.00018116967 | R4: ='1250 parafilm+ 24 hpi'!L5 -> 0.0024813075 | S4: ='1250 parafilm+ 24 hpi'!M5 -> 0.0001787784 | U4: ='1480 parafilm- 24 hpi'!L5 -> 0.0011889253 | V4: ='1480 parafilm- 24 hpi'!M5 -> 0.00022754033 | X4: ='NAD003 parafilm+ 24 hpi'!L5 -> 0.0005665415 | Y4: ='NAD003 parafilm+ 24 hpi'!M5 -> 0.00012995725
A5: 3.98105 | C5: ='1233 parafilm- 24 hpi'!L6 -> 0.00090507167 | D5: ='1233 parafilm- 24 hpi'!M6 -> 0.0001595659 | F5: ='1233 parafilm+ 24 hpi'!L6 -> 0.00091171567 | G5: ='1233 parafilm+ 24 hpi'!M6 -> 0.000160459 | I5: ='1234 parafilm- 24 hpi'!L6 -> 0.00504456 | J5: ='1234 parafilm- 24 hpi'!M6 -> 0.000474206 | L5: ='1234 parafilm+ 24 hpi'!L6 -> 0.0074819133 | M5: ='1234 parafilm+ 24 hpi'!M6 -> 0.00076609033 | O5: ='1250 parafilm- 24 hpi'!L6 -> 0.0010531367 | P5: ='1250 parafilm- 24 hpi'!M6 -> 0.000180565 | R5: ='1250 parafilm+ 24 hpi'!L6 -> 0.0025314505 | S5: ='1250 parafilm+ 24 hpi'!M6 -> 0.0001761783 | U5: ='1480 parafilm- 24 hpi'!L6 -> 0.0012695283 | V5: ='1480 parafilm- 24 hpi'!M6 -> 0.000224175 | X5: ='NAD003 parafilm+ 24 hpi'!L6 -> 0.000600393 | Y5: ='NAD003 parafilm+ 24 hpi'!M6 -> 0.00013084805
A6: 6.30957 | C6: ='1233 parafilm- 24 hpi'!L7 -> 0.00095122467 | D6: ='1233 parafilm- 24 hpi'!M7 -> 0.00015987807 | F6: ='1233 parafilm+ 24 hpi'!L7 -> 0.00096020667 | G6: ='1233 parafilm+ 24 hpi'!M7 -> 0.000161997 | I6: ='1234 parafilm- 24 hpi'!L7 -> 0.0051537567 | J6: ='1234 parafilm- 24 hpi'!M7 -> 0.00045121733 | L6: ='1234 parafilm+ 24 hpi'!L7 -> 0.0076567333 | M6: ='1234 parafilm+ 24 hpi'!M7 -> 0.00074698267 | O6: ='1250 parafilm- 24 hpi'!L7 -> 0.00110668 | P6: ='1250 parafilm- 24 hpi'!M7 -> 0.00018171767 | R6: ='1250 parafilm+ 24 hpi'!L7 -> 0.00258018 | S6: ='1250 parafilm+ 24 hpi'!M7 -> 0.0001761686 | U6: ='1480 parafilm- 24 hpi'!L7 -> 0.0013515833 | V6: ='1480 parafilm- 24 hpi'!M7 -> 0.00022674433 | X6: ='NAD003 parafilm+ 24 hpi'!L7 -> 0.000635729 | Y6: ='NAD003 parafilm+ 24 hpi'!M7 -> 0.0001317365
A7: 10.0001 | C7: ='1233 parafilm- 24 hpi'!L8 -> 0.00099617033 | D7: ='1233 parafilm- 24 hpi'!M8 -> 0.00016450333 | F7: ='1233 parafilm+ 24 hpi'!L8 -> 0.001009026 | G7: ='1233 parafilm+ 24 hpi'!M8 -> 0.00016579033 | I7: ='1234 parafilm- 24 hpi'!L8 -> 0.0052652967 | J7: ='1234 parafilm- 24 hpi'!M8 -> 0.00044177533 | L7: ='1234 parafilm+ 24 hpi'!L8 -> 0.0078367233 | M7: ='1234 parafilm+ 24 hpi'!M8 -> 0.00074996433 | O7: ='1250 parafilm- 24 hpi'!L8 -> 0.001160315 | P7: ='1250 parafilm- 24 hpi'!M8 -> 0.00018486867 | R7: ='1250 parafilm+ 24 hpi'!L8 -> 0.0026313365 | S7: ='1250 parafilm+ 24 hpi'!M8 -> 0.0001831775 | U7: ='1480 parafilm- 24 hpi'!L8 -> 0.0014319333 | V7: ='1480 parafilm- 24 hpi'!M8 -> 0.00023357633 | X7: ='NAD003 parafilm+ 24 hpi'!L8 -> 0.0006710215 | Y7: ='NAD003 parafilm+ 24 hpi'!M8 -> 0.0001327706
A8: 15.849 | C8: ='1233 parafilm- 24 hpi'!L9 -> 0.001041757 | D8: ='1233 parafilm- 24 hpi'!M9 -> 0.00017014033 | F8: ='1233 parafilm+ 24 hpi'!L9 -> 0.0010592683 | G8: ='1233 parafilm+ 24 hpi'!M9 -> 0.00017195833 | I8: ='1234 parafilm- 24 hpi'!L9 -> 0.00537781 | J8: ='1234 parafilm- 24 hpi'!M9 -> 0.00044119967 | L8: ='1234 parafilm+ 24 hpi'!L9 -> 0.0080185767 | M8: ='1234 parafilm+ 24 hpi'!M9 -> 0.00076597833 | O8: ='1250 parafilm- 24 hpi'!L9 -> 0.001214921 | P8: ='1250 parafilm- 24 hpi'!M9 -> 0.00019025167 | R8: ='1250 parafilm+ 24 hpi'!L9 -> 0.002685458 | S8: ='1250 parafilm+ 24 hpi'!M9 -> 0.0001874305 | U8: ='1480 parafilm- 24 hpi'!L9 -> 0.0015110067 | V8: ='1480 parafilm- 24 hpi'!M9 -> 0.00024169733 | X8: ='NAD003 parafilm+ 24 hpi'!L9 -> 0.000707875 | Y8: ='NAD003 parafilm+ 24 hpi'!M9 -> 0.0001360341
A9: 25.1188 | C9: ='1233 parafilm- 24 hpi'!L10 -> 0.0010878157 | D9: ='1233 parafilm- 24 hpi'!M10 -> 0.000178772 | F9: ='1233 parafilm+ 24 hpi'!L10 -> 0.001113245 | G9: ='1233 parafilm+ 24 hpi'!M10 -> 0.000180849 | I9: ='1234 parafilm- 24 hpi'!L10 -> 0.0054899867 | J9: ='1234 parafilm- 24 hpi'!M10 -> 0.00045486967 | L9: ='1234 parafilm+ 24 hpi'!L10 -> 0.00820407 | M9: ='1234 parafilm+ 24 hpi'!M10 -> 0.00079691467 | O9: ='1250 parafilm- 24 hpi'!L10 -> 0.0012708863 | P9: ='1250 parafilm- 24 hpi'!M10 -> 0.00019948833 | R9: ='1250 parafilm+ 24 hpi'!L10 -> 0.0027394505 | S9: ='1250 parafilm+ 24 hpi'!M10 -> 0.0001936755 | U9: ='1480 parafilm- 24 hpi'!L10 -> 0.0015956733 | V9: ='1480 parafilm- 24 hpi'!M10 -> 0.00025569767 | X9: ='NAD003 parafilm+ 24 hpi'!L10 -> 0.0007462935 | Y9: ='NAD003 parafilm+ 24 hpi'!M10 -> 0.00014032635
A10: 39.8105 | C10: ='1233 parafilm- 24 hpi'!L11 -> 0.001135443 | D10: ='1233 parafilm- 24 hpi'!M11 -> 0.00019115167 | F10: ='1233 parafilm+ 24 hpi'!L11 -> 0.0011742233 | G10: ='1233 parafilm+ 24 hpi'!M11 -> 0.000193149 | I10: ='1234 parafilm- 24 hpi'!L11 -> 0.0056066967 | J10: ='1234 parafilm- 24 hpi'!M11 -> 0.000479638 | L10: ='1234 parafilm+ 24 hpi'!L11 -> 0.00838233 | M10: ='1234 parafilm+ 24 hpi'!M11 -> 0.000850061 | O10: ='1250 parafilm- 24 hpi'!L11 -> 0.0013304853 | P10: ='1250 parafilm- 24 hpi'!M11 -> 0.000213562 | R10: ='1250 parafilm+ 24 hpi'!L11 -> 0.002796187 | S10: ='1250 parafilm+ 24 hpi'!M11 -> 0.000205411 | U10: ='1480 parafilm- 24 hpi'!L11 -> 0.0017024167 | V10: ='1480 parafilm- 24 hpi'!M11 -> 0.00027593367 | X10: ='NAD003 parafilm+ 24 hpi'!L11 -> 0.0007871085 | Y10: ='NAD003 parafilm+ 24 hpi'!M11 -> 0.00014754585
A11: 63.0957 | C11: ='1233 parafilm- 24 hpi'!L12 -> 0.001186932 | D11: ='1233 parafilm- 24 hpi'!M12 -> 0.00020823033 | F11: ='1233 parafilm+ 24 hpi'!L12 -> 0.0012511273 | G11: ='1233 parafilm+ 24 hpi'!M12 -> 0.00021050633 | I11: ='1234 parafilm- 24 hpi'!L12 -> 0.0057279267 | J11: ='1234 parafilm- 24 hpi'!M12 -> 0.000519954 | L11: ='1234 parafilm+ 24 hpi'!L12 -> 0.0086147333 | M11: ='1234 parafilm+ 24 hpi'!M12 -> 0.00090282433 | O11: ='1250 parafilm- 24 hpi'!L12 -> 0.0014009237 | P11: ='1250 parafilm- 24 hpi'!M12 -> 0.00023318767 | R11: ='1250 parafilm+ 24 hpi'!L12 -> 0.002854429 | S11: ='1250 parafilm+ 24 hpi'!M12 -> 0.0002214765 | U11: ='1480 parafilm- 24 hpi'!L12 -> 0.00186005 | V11: ='1480 parafilm- 24 hpi'!M12 -> 0.00030306333 | X11: ='NAD003 parafilm+ 24 hpi'!L12 -> 0.0008344295 | Y11: ='NAD003 parafilm+ 24 hpi'!M12 -> 0.0001582817
A12: 100 | C12: ='1233 parafilm- 24 hpi'!L13 -> 0.0012313093 | D12: ='1233 parafilm- 24 hpi'!M13 -> 0.00023456367 | F12: ='1233 parafilm+ 24 hpi'!L13 -> 0.0013567673 | G12: ='1233 parafilm+ 24 hpi'!M13 -> 0.000234759 | I12: ='1234 parafilm- 24 hpi'!L13 -> 0.00586293 | J12: ='1234 parafilm- 24 hpi'!M13 -> 0.00057877733 | L12: ='1234 parafilm+ 24 hpi'!L13 -> 0.0088738033 | M12: ='1234 parafilm+ 24 hpi'!M13 -> 0.00097966767 | O12: ='1250 parafilm- 24 hpi'!L13 -> 0.0014855153 | P12: ='1250 parafilm- 24 hpi'!M13 -> 0.000262959 | R12: ='1250 parafilm+ 24 hpi'!L13 -> 0.002927464 | S12: ='1250 parafilm+ 24 hpi'!M13 -> 0.0002480935 | U12: ='1480 parafilm- 24 hpi'!L13 -> 0.0021350167 | V12: ='1480 parafilm- 24 hpi'!M13 -> 0.00034296767 | X12: ='NAD003 parafilm+ 24 hpi'!L13 -> 0.000882293 | Y12: ='NAD003 parafilm+ 24 hpi'!M13 -> 0.000174754

Sheet Standard deviations
A1: Angular frequency | C1: WT Parafilm- SD G' | D1: WT Parafilm- SD G'' | F1: WT Parafilm+ SD G' | G1: WT Parafilm+ SD G'' | I1: Spore- Parafilm- SD G' | J1: Spore- Parafilm- SD G'' | L1: Spore- Parafilm+ SD G' | M1: Spore- Parafilm+ SD G'' | O1: PGA- Parafilm- SD G' | P1: PGA- Parafilm- SD G'' | R1: PGA- Parafilm+ SD G' | S1: PGA- Parafilm+ SD G'' | U1: EPS- Parafilm- SD G' | V1: EPS- Parafilm- SD G'' | X1: EPS- Parafilm+ SD G' | Y1: EPS- Parafilm+ SD G''
C2: ='1233 parafilm- 24 hpi'!O3 -> 0.00029280542 | D2: ='1233 parafilm- 24 hpi'!P3 -> 5.4220843e-05 | F2: ='1233 parafilm+ 24 hpi'!O3 -> 0.00047171645 | G2: ='1233 parafilm+ 24 hpi'!P3 -> 6.4652783e-05 | I2: ='1234 parafilm- 24 hpi'!O3 -> 0.00048911 | J2: ='1234 parafilm- 24 hpi'!P3 -> 6.7161163e-05 | L2: ='1234 parafilm+ 24 hpi'!O3 -> 0.0035731827 | M2: ='1234 parafilm+ 24 hpi'!P3 -> 0.00055214585 | O2: ='1250 parafilm- 24 hpi'!O3 -> 0.00027875406 | P2: ='1250 parafilm- 24 hpi'!P3 -> 5.030944e-05 | R2: ='1250 parafilm+ 24 hpi'!O3 -> 0.0021317795 | S2: ='1250 parafilm+ 24 hpi'!P3 -> 0.0001202169 | U2: ='1480 parafilm- 24 hpi'!O3 -> 0.00017717905 | V2: ='1480 parafilm- 24 hpi'!P3 -> 2.835306e-05 | X2: ='NAD003 parafilm+ 24 hpi'!O3 -> 0.0002732995 | Y2: ='NAD003 parafilm+ 24 hpi'!P3 -> 4.857205e-05
C3: ='1233 parafilm- 24 hpi'!O4 -> 0.00030890453 | D3: ='1233 parafilm- 24 hpi'!P4 -> 5.2353048e-05 | F3: ='1233 parafilm+ 24 hpi'!O4 -> 0.00049357732 | G3: ='1233 parafilm+ 24 hpi'!P4 -> 6.0628261e-05 | I3: ='1234 parafilm- 24 hpi'!O4 -> 0.00051009312 | J3: ='1234 parafilm- 24 hpi'!P4 -> 7.3890039e-05 | L3: ='1234 parafilm+ 24 hpi'!O4 -> 0.0036663876 | M3: ='1234 parafilm+ 24 hpi'!P4 -> 0.00046207261 | O3: ='1250 parafilm- 24 hpi'!O4 -> 0.0002927586 | P3: ='1250 parafilm- 24 hpi'!P4 -> 4.2990257e-05 | R3: ='1250 parafilm+ 24 hpi'!O4 -> 0.002144805 | S3: ='1250 parafilm+ 24 hpi'!P4 -> 8.600745e-05 | U3: ='1480 parafilm- 24 hpi'!O4 -> 0.00019578067 | V3: ='1480 parafilm- 24 hpi'!P4 -> 2.7059357e-05 | X3: ='NAD003 parafilm+ 24 hpi'!O4 -> 0.0002911965 | Y3: ='NAD003 parafilm+ 24 hpi'!P4 -> 5.09787e-05
C4: ='1233 parafilm- 24 hpi'!O5 -> 0.00032517101 | D4: ='1233 parafilm- 24 hpi'!P5 -> 5.0835356e-05 | F4: ='1233 parafilm+ 24 hpi'!O5 -> 0.00051079106 | G4: ='1233 parafilm+ 24 hpi'!P5 -> 5.7462855e-05 | I4: ='1234 parafilm- 24 hpi'!O5 -> 0.00052053276 | J4: ='1234 parafilm- 24 hpi'!P5 -> 5.8389969e-05 | L4: ='1234 parafilm+ 24 hpi'!O5 -> 0.003755295 | M4: ='1234 parafilm+ 24 hpi'!P5 -> 0.00043665822 | O4: ='1250 parafilm- 24 hpi'!O5 -> 0.00031134945 | P4: ='1250 parafilm- 24 hpi'!P5 -> 4.3822588e-05 | R4: ='1250 parafilm+ 24 hpi'!O5 -> 0.0021840425 | S4: ='1250 parafilm+ 24 hpi'!P5 -> 8.91436e-05 | U4: ='1480 parafilm- 24 hpi'!O5 -> 0.00020978927 | V4: ='1480 parafilm- 24 hpi'!P5 -> 2.5569934e-05 | X4: ='NAD003 parafilm+ 24 hpi'!O5 -> 0.0003072465 | Y4: ='NAD003 parafilm+ 24 hpi'!P5 -> 4.583875e-05
C5: ='1233 parafilm- 24 hpi'!O6 -> 0.00034120759 | D5: ='1233 parafilm- 24 hpi'!P6 -> 4.9924544e-05 | F5: ='1233 parafilm+ 24 hpi'!O6 -> 0.0005304405 | G5: ='1233 parafilm+ 24 hpi'!P6 -> 5.4303061e-05 | I5: ='1234 parafilm- 24 hpi'!O6 -> 0.0005434215 | J5: ='1234 parafilm- 24 hpi'!P6 -> 4.8341106e-05 | L5: ='1234 parafilm+ 24 hpi'!O6 -> 0.0038384514 | M5: ='1234 parafilm+ 24 hpi'!P6 -> 0.00043255366 | O5: ='1250 parafilm- 24 hpi'!O6 -> 0.00032412608 | P5: ='1250 parafilm- 24 hpi'!P6 -> 4.4338703e-05 | R5: ='1250 parafilm+ 24 hpi'!O6 -> 0.0022168995 | S5: ='1250 parafilm+ 24 hpi'!P6 -> 8.52537e-05 | U5: ='1480 parafilm- 24 hpi'!O6 -> 0.00021716965 | V5: ='1480 parafilm- 24 hpi'!P6 -> 2.1086526e-05 | X5: ='NAD003 parafilm+ 24 hpi'!O6 -> 0.000326603 | Y5: ='NAD003 parafilm+ 24 hpi'!P6 -> 4.659595e-05
C6: ='1233 parafilm- 24 hpi'!O7 -> 0.00035609663 | D6: ='1233 parafilm- 24 hpi'!P7 -> 4.7979987e-05 | F6: ='1233 parafilm+ 24 hpi'!O7 -> 0.00054872835 | G6: ='1233 parafilm+ 24 hpi'!P7 -> 5.3533796e-05 | I6: ='1234 parafilm- 24 hpi'!O7 -> 0.00055524362 | J6: ='1234 parafilm- 24 hpi'!P7 -> 4.3100572e-05 | L6: ='1234 parafilm+ 24 hpi'!O7 -> 0.0039198837 | M6: ='1234 parafilm+ 24 hpi'!P7 -> 0.00042637822 | O6: ='1250 parafilm- 24 hpi'!O7 -> 0.00033749917 | P6: ='1250 parafilm- 24 hpi'!P7 -> 4.3169587e-05 | R6: ='1250 parafilm+ 24 hpi'!O7 -> 0.00224227 | S6: ='1250 parafilm+ 24 hpi'!P7 -> 8.10604e-05 | U6: ='1480 parafilm- 24 hpi'!O7 -> 0.00022864611 | V6: ='1480 parafilm- 24 hpi'!P7 -> 2.3863607e-05 | X6: ='NAD003 parafilm+ 24 hpi'!O7 -> 0.000344019 | Y6: ='NAD003 parafilm+ 24 hpi'!P7 -> 4.74595e-05
C7: ='1233 parafilm- 24 hpi'!O8 -> 0.00036987432 | D7: ='1233 parafilm- 24 hpi'!P8 -> 4.8543655e-05 | F7: ='1233 parafilm+ 24 hpi'!O8 -> 0.00056626888 | G7: ='1233 parafilm+ 24 hpi'!P8 -> 5.5062497e-05 | I7: ='1234 parafilm- 24 hpi'!O8 -> 0.00056960295 | J7: ='1234 parafilm- 24 hpi'!P8 -> 4.5567244e-05 | L7: ='1234 parafilm+ 24 hpi'!O8 -> 0.0040101343 | M7: ='1234 parafilm+ 24 hpi'!P8 -> 0.00043443242 | O7: ='1250 parafilm- 24 hpi'!O8 -> 0.00035076032 | P7: ='1250 parafilm- 24 hpi'!P8 -> 4.285769e-05 | R7: ='1250 parafilm+ 24 hpi'!O8 -> 0.0022662035 | S7: ='1250 parafilm+ 24 hpi'!P8 -> 8.04585e-05 | U7: ='1480 parafilm- 24 hpi'!O8 -> 0.00023789102 | V7: ='1480 parafilm- 24 hpi'!P8 -> 2.2419208e-05 | X7: ='NAD003 parafilm+ 24 hpi'!O8 -> 0.0003618585 | Y7: ='NAD003 parafilm+ 24 hpi'!P8 -> 5.00644e-05
C8: ='1233 parafilm- 24 hpi'!O9 -> 0.00038303179 | D8: ='1233 parafilm- 24 hpi'!P9 -> 4.9006913e-05 | F8: ='1233 parafilm+ 24 hpi'!O9 -> 0.00058436162 | G8: ='1233 parafilm+ 24 hpi'!P9 -> 5.7427415e-05 | I8: ='1234 parafilm- 24 hpi'!O9 -> 0.00058679084 | J8: ='1234 parafilm- 24 hpi'!P9 -> 4.4066765e-05 | L8: ='1234 parafilm+ 24 hpi'!O9 -> 0.0041007452 | M8: ='1234 parafilm+ 24 hpi'!P9 -> 0.00044403092 | O8: ='1250 parafilm- 24 hpi'!O9 -> 0.00036428724 | P8: ='1250 parafilm- 24 hpi'!P9 -> 4.3378807e-05 | R8: ='1250 parafilm+ 24 hpi'!O9 -> 0.002295912 | S8: ='1250 parafilm+ 24 hpi'!P9 -> 7.91275e-05 | U8: ='1480 parafilm- 24 hpi'!O9 -> 0.00024966375 | V8: ='1480 parafilm- 24 hpi'!P9 -> 2.2376624e-05 | X8: ='NAD003 parafilm+ 24 hpi'!O9 -> 0.000378225 | Y8: ='NAD003 parafilm+ 24 hpi'!P9 -> 5.21329e-05
C9: ='1233 parafilm- 24 hpi'!O10 -> 0.00039557271 | D9: ='1233 parafilm- 24 hpi'!P10 -> 5.0792026e-05 | F9: ='1233 parafilm+ 24 hpi'!O10 -> 0.00060302765 | G9: ='1233 parafilm+ 24 hpi'!P10 -> 6.1065972e-05 | I9: ='1234 parafilm- 24 hpi'!O10 -> 0.00060274879 | J9: ='1234 parafilm- 24 hpi'!P10 -> 4.4220665e-05 | L9: ='1234 parafilm+ 24 hpi'!O10 -> 0.00420056 | M9: ='1234 parafilm+ 24 hpi'!P10 -> 0.00045721271 | O9: ='1250 parafilm- 24 hpi'!O10 -> 0.0003783959 | P9: ='1250 parafilm- 24 hpi'!P10 -> 4.5297304e-05 | R9: ='1250 parafilm+ 24 hpi'!O10 -> 0.0023211995 | S9: ='1250 parafilm+ 24 hpi'!P10 -> 7.69025e-05 | U9: ='1480 parafilm- 24 hpi'!O10 -> 0.00026360279 | V9: ='1480 parafilm- 24 hpi'!P10 -> 2.7145265e-05 | X9: ='NAD003 parafilm+ 24 hpi'!O10 -> 0.0003943465 | Y9: ='NAD003 parafilm+ 24 hpi'!P10 -> 5.470565e-05
C10: ='1233 parafilm- 24 hpi'!O11 -> 0.00040621148 | D10: ='1233 parafilm- 24 hpi'!P11 -> 5.3979587e-05 | F10: ='1233 parafilm+ 24 hpi'!O11 -> 0.00062142786 | G10: ='1233 parafilm+ 24 hpi'!P11 -> 6.6964909e-05 | I10: ='1234 parafilm- 24 hpi'!O11 -> 0.0006181756 | J10: ='1234 parafilm- 24 hpi'!P11 -> 4.5646322e-05 | L10: ='1234 parafilm+ 24 hpi'!O11 -> 0.0042715417 | M10: ='1234 parafilm+ 24 hpi'!P11 -> 0.00049201436 | O10: ='1250 parafilm- 24 hpi'!O11 -> 0.00039354553 | P10: ='1250 parafilm- 24 hpi'!P11 -> 4.8414908e-05 | R10: ='1250 parafilm+ 24 hpi'!O11 -> 0.002347543 | S10: ='1250 parafilm+ 24 hpi'!P11 -> 8.038e-05 | U10: ='1480 parafilm- 24 hpi'!O11 -> 0.0002740164 | V10: ='1480 parafilm- 24 hpi'!P11 -> 2.8861672e-05 | X10: ='NAD003 parafilm+ 24 hpi'!O11 -> 0.0004080715 | Y10: ='NAD003 parafilm+ 24 hpi'!P11 -> 5.932715e-05
C11: ='1233 parafilm- 24 hpi'!O12 -> 0.00041564179 | D11: ='1233 parafilm- 24 hpi'!P12 -> 5.8460112e-05 | F11: ='1233 parafilm+ 24 hpi'!O12 -> 0.00064155854 | G11: ='1233 parafilm+ 24 hpi'!P12 -> 7.5855522e-05 | I11: ='1234 parafilm- 24 hpi'!O12 -> 0.00063112416 | J11: ='1234 parafilm- 24 hpi'!P12 -> 4.9215947e-05 | L11: ='1234 parafilm+ 24 hpi'!O12 -> 0.0043899758 | M11: ='1234 parafilm+ 24 hpi'!P12 -> 0.0005092634 | O11: ='1250 parafilm- 24 hpi'!O12 -> 0.0004140064 | P11: ='1250 parafilm- 24 hpi'!P12 -> 5.2602867e-05 | R11: ='1250 parafilm+ 24 hpi'!O12 -> 0.002374601 | S11: ='1250 parafilm+ 24 hpi'!P12 -> 8.59885e-05 | U11: ='1480 parafilm- 24 hpi'!O12 -> 0.0002868068 | V11: ='1480 parafilm- 24 hpi'!P12 -> 3.1842743e-05 | X11: ='NAD003 parafilm+ 24 hpi'!O12 -> 0.0004206505 | Y11: ='NAD003 parafilm+ 24 hpi'!P12 -> 6.50413e-05
C12: ='1233 parafilm- 24 hpi'!O13 -> 0.00041915699 | D12: ='1233 parafilm- 24 hpi'!P13 -> 6.6401057e-05 | F12: ='1233 parafilm+ 24 hpi'!O13 -> 0.00066990156 | G12: ='1233 parafilm+ 24 hpi'!P13 -> 8.8058804e-05 | I12: ='1234 parafilm- 24 hpi'!O13 -> 0.00064185769 | J12: ='1234 parafilm- 24 hpi'!P13 -> 5.4122763e-05 | L12: ='1234 parafilm+ 24 hpi'!O13 -> 0.0045014309 | M12: ='1234 parafilm+ 24 hpi'!P13 -> 0.00053952847 | O12: ='1250 parafilm- 24 hpi'!O13 -> 0.00044869391 | P12: ='1250 parafilm- 24 hpi'!P13 -> 5.9918977e-05 | R12: ='1250 parafilm+ 24 hpi'!O13 -> 0.002420036 | S12: ='1250 parafilm+ 24 hpi'!P13 -> 9.86245e-05 | U12: ='1480 parafilm- 24 hpi'!O13 -> 0.00031236853 | V12: ='1480 parafilm- 24 hpi'!P13 -> 3.8159644e-05 | X12: ='NAD003 parafilm+ 24 hpi'!O13 -> 0.000422517 | Y12: ='NAD003 parafilm+ 24 hpi'!P13 -> 7.2616e-05
