Workbook

Sheet 1233 parafilm- 72 hpi
A1: Angular frequency | C1: Storage modulus | D1: Loss modulus | F1: Storage modulus | G1: Loss modulus | I1: Storage modulus | J1: Loss modulus | L1: WT Parafilm- average G' | M1: WT Parafilm- average G'' | O1: WT Parafilm- SD G' | P1: WT Parafilm- SD G''
A2: rad/s | C2: MPa | D2: MPa | F2: MPa | G2: MPa | I2: MPa | J2: MPa | L2: MPa | M2: MPa | O2: MPa | P2: MPa
A3: 1 | C3: 0.000545185 | D3: 0.000145317 | F3: 0.000652224 | G3: 0.000158335 | I3: 0.000606443 | J3: 0.000183203 | L3: =AVERAGE(C3,F3,I3) -> 0.000601284 | M3: =AVERAGE(D3,G3,J3) -> 0.000162285 | O3: =_xlfn.STDEV.P(C3,F3,I3) -> 4.3850491e-05 | P3: =_xlfn.STDEV.P(D3,G3,J3) -> 1.5717063e-05
A4: 1.5849 | C4: 0.000589674 | D4: 0.0001434 | F4: 0.000697992 | G4: 0.000157081 | I4: 0.000641389 | J4: 0.000167061 | L4: =AVERAGE(C4,F4,I4) -> 0.00064301833 | M4: =AVERAGE(D4,G4,J4) -> 0.00015584733 | O4: =_xlfn.STDEV.P(C4,F4,I4) -> 4.4235644e-05 | P4: =_xlfn.STDEV.P(D4,G4,J4) -> 9.6988721e-06
A5: 2.51189 | C5: 0.000632027 | D5: 0.000143886 | F5: 0.000746867 | G5: 0.000158272 | I5: 0.000689229 | J5: 0.000173372 | L5: =AVERAGE(C5,F5,I5) -> 0.00068937433 | M5: =AVERAGE(D5,G5,J5) -> 0.00015851 | O5: =_xlfn.STDEV.P(C5,F5,I5) -> 4.6883346e-05 | P5: =_xlfn.STDEV.P(D5,G5,J5) -> 1.2038785e-05
A6: 3.98105 | C6: 0.000674761 | D6: 0.000143604 | F6: 0.000790692 | G6: 0.000160889 | I6: 0.000728968 | J6: 0.000172036 | L6: =AVERAGE(C6,F6,I6) -> 0.00073147367 | M6: =AVERAGE(D6,G6,J6) -> 0.000158843 | O6: =_xlfn.STDEV.P(C6,F6,I6) -> 4.7361785e-05 | P6: =_xlfn.STDEV.P(D6,G6,J6) -> 1.1697129e-05
A7: 6.30957 | C7: 0.000715951 | D7: 0.000145538 | F7: 0.000835756 | G7: 0.000166883 | I7: 0.00077134 | J7: 0.000171475 | L7: =AVERAGE(C7,F7,I7) -> 0.000774349 | M7: =AVERAGE(D7,G7,J7) -> 0.00016129867 | O7: =_xlfn.STDEV.P(C7,F7,I7) -> 4.8956444e-05 | P7: =_xlfn.STDEV.P(D7,G7,J7) -> 1.1301049e-05
A8: 10.0001 | C8: 0.000755729 | D8: 0.000149446 | F8: 0.000880132 | G8: 0.000169885 | I8: 0.000814403 | J8: 0.000182772 | L8: =AVERAGE(C8,F8,I8) -> 0.00081675467 | M8: =AVERAGE(D8,G8,J8) -> 0.00016736767 | O8: =_xlfn.STDEV.P(C8,F8,I8) -> 5.0814528e-05 | P8: =_xlfn.STDEV.P(D8,G8,J8) -> 1.3721232e-05
A9: 15.849 | C9: 0.000797323 | D9: 0.000157938 | F9: 0.000923256 | G9: 0.000178885 | I9: 0.000857323 | J9: 0.000187061 | L9: =AVERAGE(C9,F9,I9) -> 0.00085930067 | M9: =AVERAGE(D9,G9,J9) -> 0.000174628 | O9: =_xlfn.STDEV.P(C9,F9,I9) -> 5.1430947e-05 | P9: =_xlfn.STDEV.P(D9,G9,J9) -> 1.2264551e-05
A10: 25.1188 | C10: 0.000840797 | D10: 0.000170128 | F10: 0.000968754 | G10: 0.000190042 | I10: 0.000901555 | J10: 0.000200946 | L10: =AVERAGE(C10,F10,I10) -> 0.000903702 | M10: =AVERAGE(D10,G10,J10) -> 0.00018703867 | O10: =_xlfn.STDEV.P(C10,F10,I10) -> 5.2260282e-05 | P10: =_xlfn.STDEV.P(D10,G10,J10) -> 1.275937e-05
A11: 39.8105 | C11: 0.00089048 | D11: 0.000184231 | F11: 0.00101445 | G11: 0.000205346 | I11: 0.00094886 | J11: 0.000220433 | L11: =AVERAGE(C11,F11,I11) -> 0.00095126333 | M11: =AVERAGE(D11,G11,J11) -> 0.00020333667 | O11: =_xlfn.STDEV.P(C11,F11,I11) -> 5.0639064e-05 | P11: =_xlfn.STDEV.P(D11,G11,J11) -> 1.4847542e-05
A12: 63.0957 | C12: 0.000955274 | D12: 0.000204312 | F12: 0.00106381 | G12: 0.000225754 | I12: 0.00100689 | J12: 0.000240838 | L12: =AVERAGE(C12,F12,I12) -> 0.001008658 | M12: =AVERAGE(D12,G12,J12) -> 0.00022363467 | O12: =_xlfn.STDEV.P(C12,F12,I12) -> 4.4327269e-05 | P12: =_xlfn.STDEV.P(D12,G12,J12) -> 1.4986791e-05
A13: 100 | C13: 0.00104399 | D13: 0.000231268 | F13: 0.00110736 | G13: 0.000260909 | I13: 0.00106138 | J13: 0.000268675 | L13: =AVERAGE(C13,F13,I13) -> 0.00107091 | M13: =AVERAGE(D13,G13,J13) -> 0.00025361733 | O13: =_xlfn.STDEV.P(C13,F13,I13) -> 2.6733935e-05 | P13: =_xlfn.STDEV.P(D13,G13,J13) -> 1.6118255e-05

Sheet 1233 parafilm+ 72 hpi
A1: Angular frequency | C1: Storage modulus | D1: Loss modulus | F1: Storage modulus | G1: Loss modulus | I1: Storage modulus | J1: Loss modulus | L1: WT Parafilm+ average G' | M1: WT Parafilm+ average G'' | O1: WT Parafilm+ SD G' | P1: WT Parafilm+ SD G''
A2: rad/s | C2: MPa | D2: MPa | F2: MPa | G2: MPa | I2: MPa | J2: MPa | L2: MPa | M2: MPa | O2: MPa | P2: MPa
A3: 1 | C3: 0.000502909 | D3: 0.000138842 | F3: 0.000348337 | G3: 0.00012238 | I3: 0.000777861 | J3: 0.000168276 | L3: =AVERAGE(C3,F3,I3) -> 0.00054303567 | M3: =AVERAGE(D3,G3,J3) -> 0.000143166 | O3: =_xlfn.STDEV.P(C3,F3,I3) -> 0.0001776332 | P3: =_xlfn.STDEV.P(D3,G3,J3) -> 1.8984791e-05
A4: 1.5849 | C4: 0.000540402 | D4: 0.000138782 | F4: 0.000382928 | G4: 0.00012379 | I4: 0.00082908 | J4: 0.000169561 | L4: =AVERAGE(C4,F4,I4) -> 0.00058413667 | M4: =AVERAGE(D4,G4,J4) -> 0.00014404433 | O4: =_xlfn.STDEV.P(C4,F4,I4) -> 0.00018474747 | P4: =_xlfn.STDEV.P(D4,G4,J4) -> 1.9052825e-05
A5: 2.51189 | C5: 0.000580248 | D5: 0.000138637 | F5: 0.00041706 | G5: 0.000130029 | I5: 0.000878656 | J5: 0.000167187 | L5: =AVERAGE(C5,F5,I5) -> 0.00062532133 | M5: =AVERAGE(D5,G5,J5) -> 0.00014528433 | O5: =_xlfn.STDEV.P(C5,F5,I5) -> 0.00019112199 | P5: =_xlfn.STDEV.P(D5,G5,J5) -> 1.5881216e-05
A6: 3.98105 | C6: 0.000618981 | D6: 0.000140552 | F6: 0.000451925 | G6: 0.000133998 | I6: 0.000926876 | J6: 0.000166402 | L6: =AVERAGE(C6,F6,I6) -> 0.00066592733 | M6: =AVERAGE(D6,G6,J6) -> 0.000146984 | O6: =_xlfn.STDEV.P(C6,F6,I6) -> 0.00019671906 | P6: =_xlfn.STDEV.P(D6,G6,J6) -> 1.3988871e-05
A7: 6.30957 | C7: 0.000658453 | D7: 0.000147324 | F7: 0.000486569 | G7: 0.000136185 | I7: 0.000975662 | J7: 0.000170796 | L7: =AVERAGE(C7,F7,I7) -> 0.00070689467 | M7: =AVERAGE(D7,G7,J7) -> 0.000151435 | O7: =_xlfn.STDEV.P(C7,F7,I7) -> 0.00020258815 | P7: =_xlfn.STDEV.P(D7,G7,J7) -> 1.44258e-05
A8: 10.0001 | C8: 0.000696419 | D8: 0.000149597 | F8: 0.000521363 | G8: 0.00013889 | I8: 0.00102273 | J8: 0.000174016 | L8: =AVERAGE(C8,F8,I8) -> 0.00074683733 | M8: =AVERAGE(D8,G8,J8) -> 0.00015416767 | O8: =_xlfn.STDEV.P(C8,F8,I8) -> 0.00020776385 | P8: =_xlfn.STDEV.P(D8,G8,J8) -> 1.4699823e-05
A9: 15.849 | C9: 0.000734338 | D9: 0.000159206 | F9: 0.000557951 | G9: 0.000144665 | I9: 0.00107082 | J9: 0.000181662 | L9: =AVERAGE(C9,F9,I9) -> 0.000787703 | M9: =AVERAGE(D9,G9,J9) -> 0.00016184433 | O9: =_xlfn.STDEV.P(C9,F9,I9) -> 0.00021275106 | P9: =_xlfn.STDEV.P(D9,G9,J9) -> 1.5218741e-05
A10: 25.1188 | C10: 0.000771934 | D10: 0.000163014 | F10: 0.000597343 | G10: 0.000153771 | I10: 0.0011208 | J10: 0.000192285 | L10: =AVERAGE(C10,F10,I10) -> 0.00083002567 | M10: =AVERAGE(D10,G10,J10) -> 0.00016969 | O10: =_xlfn.STDEV.P(C10,F10,I10) -> 0.00021761248 | P10: =_xlfn.STDEV.P(D10,G10,J10) -> 1.6416633e-05
A11: 39.8105 | C11: 0.000812507 | D11: 0.000177002 | F11: 0.000639741 | G11: 0.000158598 | I11: 0.00117564 | J11: 0.000205808 | L11: =AVERAGE(C11,F11,I11) -> 0.00087596267 | M11: =AVERAGE(D11,G11,J11) -> 0.00018046933 | O11: =_xlfn.STDEV.P(C11,F11,I11) -> 0.00022333368 | P11: =_xlfn.STDEV.P(D11,G11,J11) -> 1.9428721e-05
A12: 63.0957 | C12: 0.000857131 | D12: 0.000195814 | F12: 0.000694653 | G12: 0.000169491 | I12: 0.00124706 | J12: 0.000225597 | L12: =AVERAGE(C12,F12,I12) -> 0.000932948 | M12: =AVERAGE(D12,G12,J12) -> 0.00019696733 | O12: =_xlfn.STDEV.P(C12,F12,I12) -> 0.00023180385 | P12: =_xlfn.STDEV.P(D12,G12,J12) -> 2.2919692e-05
A13: 100 | C13: 0.000889142 | D13: 0.000214844 | F13: 0.000764968 | G13: 0.00018445 | I13: 0.00133911 | J13: 0.000253552 | L13: =AVERAGE(C13,F13,I13) -> 0.00099774 | M13: =AVERAGE(D13,G13,J13) -> 0.00021761533 | O13: =_xlfn.STDEV.P(C13,F13,I13) -> 0.00024665077 | P13: =_xlfn.STDEV.P(D13,G13,J13) -> 2.8278753e-05

Sheet 1234 parafilm- 72 hpi
A1: Angular frequency | C1: Storage modulus | D1: Loss modulus | F1: Storage modulus | G1: Loss modulus | I1: Storage modulus | J1: Loss modulus | L1: Spore- Parafilm- average G' | M1: Spore- Parafilm- average G'' | O1: Spore- Parafilm- SD G' | P1: Spore- Parafilm- SD G''
A2: rad/s | C2: MPa | D2: MPa | F2: MPa | G2: MPa | I2: MPa | J2: MPa | L2: MPa | M2: MPa | O2: MPa | P2: MPa
A3: 1 | C3: 0.00066664 | D3: 0.000104685 | F3: 0.000607579 | G3: 9.99092e-05 | I3: 0.000766613 | J3: 0.000140598 | L3: =AVERAGE(C3,F3,I3) -> 0.00068027733 | M3: =AVERAGE(D3,G3,J3) -> 0.00011506407 | O3: =_xlfn.STDEV.P(C3,F3,I3) -> 6.563757e-05 | P3: =_xlfn.STDEV.P(D3,G3,J3) -> 1.8160183e-05
A4: 1.5849 | C4: 0.000691335 | D4: 0.000106187 | F4: 0.000641441 | G4: 9.89861e-05 | I4: 0.000798603 | J4: 0.000142145 | L4: =AVERAGE(C4,F4,I4) -> 0.00071045967 | M4: =AVERAGE(D4,G4,J4) -> 0.0001157727 | O4: =_xlfn.STDEV.P(C4,F4,I4) -> 6.5570767e-05 | P4: =_xlfn.STDEV.P(D4,G4,J4) -> 1.8878328e-05
A5: 2.51189 | C5: 0.000713304 | D5: 0.000102813 | F5: 0.000667954 | G5: 9.79775e-05 | I5: 0.000826164 | J5: 0.000141049 | L5: =AVERAGE(C5,F5,I5) -> 0.00073580733 | M5: =AVERAGE(D5,G5,J5) -> 0.0001139465 | O5: =_xlfn.STDEV.P(C5,F5,I5) -> 6.6520178e-05 | P5: =_xlfn.STDEV.P(D5,G5,J5) -> 1.9265767e-05
A6: 3.98105 | C6: 0.000739342 | D6: 0.000104542 | F6: 0.000691489 | G6: 0.000104626 | I6: 0.000849868 | J6: 0.000136357 | L6: =AVERAGE(C6,F6,I6) -> 0.000760233 | M6: =AVERAGE(D6,G6,J6) -> 0.000115175 | O6: =_xlfn.STDEV.P(C6,F6,I6) -> 6.6323964e-05 | P6: =_xlfn.STDEV.P(D6,G6,J6) -> 1.4977975e-05
A7: 6.30957 | C7: 0.000767107 | D7: 0.000106173 | F7: 0.000715507 | G7: 0.000107637 | I7: 0.000879521 | J7: 0.000144184 | L7: =AVERAGE(C7,F7,I7) -> 0.00078737833 | M7: =AVERAGE(D7,G7,J7) -> 0.00011933133 | O7: =_xlfn.STDEV.P(C7,F7,I7) -> 6.847551e-05 | P7: =_xlfn.STDEV.P(D7,G7,J7) -> 1.758365e-05
A8: 10.0001 | C8: 0.000792388 | D8: 0.000118775 | F8: 0.000738343 | G8: 0.000107616 | I8: 0.000909677 | J8: 0.000151556 | L8: =AVERAGE(C8,F8,I8) -> 0.00081346933 | M8: =AVERAGE(D8,G8,J8) -> 0.00012598233 | O8: =_xlfn.STDEV.P(C8,F8,I8) -> 7.1517606e-05 | P8: =_xlfn.STDEV.P(D8,G8,J8) -> 1.8648327e-05
A9: 15.849 | C9: 0.000821175 | D9: 0.000126642 | F9: 0.000765645 | G9: 0.000122114 | I9: 0.00093749 | J9: 0.000153307 | L9: =AVERAGE(C9,F9,I9) -> 0.00084143667 | M9: =AVERAGE(D9,G9,J9) -> 0.000134021 | O9: =_xlfn.STDEV.P(C9,F9,I9) -> 7.1603433e-05 | P9: =_xlfn.STDEV.P(D9,G9,J9) -> 1.3761978e-05
A10: 25.1188 | C10: 0.000855082 | D10: 0.000143915 | F10: 0.000792063 | G10: 0.000127323 | I10: 0.000971762 | J10: 0.000164792 | L10: =AVERAGE(C10,F10,I10) -> 0.000872969 | M10: =AVERAGE(D10,G10,J10) -> 0.00014534333 | O10: =_xlfn.STDEV.P(C10,F10,I10) -> 7.4444123e-05 | P10: =_xlfn.STDEV.P(D10,G10,J10) -> 1.5329962e-05
A11: 39.8105 | C11: 0.000889612 | D11: 0.000151213 | F11: 0.000821104 | G11: 0.000133897 | I11: 0.00100844 | J11: 0.000177325 | L11: =AVERAGE(C11,F11,I11) -> 0.00090638533 | M11: =AVERAGE(D11,G11,J11) -> 0.000154145 | O11: =_xlfn.STDEV.P(C11,F11,I11) -> 7.739381e-05 | P11: =_xlfn.STDEV.P(D11,G11,J11) -> 1.7850215e-05
A12: 63.0957 | C12: 0.00094129 | D12: 0.000164311 | F12: 0.000855553 | G12: 0.000144 | I12: 0.00105599 | J12: 0.000183259 | L12: =AVERAGE(C12,F12,I12) -> 0.00095094433 | M12: =AVERAGE(D12,G12,J12) -> 0.00016385667 | O12: =_xlfn.STDEV.P(C12,F12,I12) -> 8.2112331e-05 | P12: =_xlfn.STDEV.P(D12,G12,J12) -> 1.6030639e-05
A13: 100 | C13: 0.00100511 | D13: 0.000176558 | F13: 0.000886289 | G13: 0.000159094 | I13: 0.00111657 | J13: 0.000204333 | L13: =AVERAGE(C13,F13,I13) -> 0.0010026563 | M13: =AVERAGE(D13,G13,J13) -> 0.000179995 | O13: =_xlfn.STDEV.P(C13,F13,I13) -> 9.4027833e-05 | P13: =_xlfn.STDEV.P(D13,G13,J13) -> 1.8627963e-05

Sheet 1234 parafilm+ 72 hpi
A1: Angular frequency | C1: Storage modulus | D1: Loss modulus | F1: Storage modulus | G1: Loss modulus | I1: Storage modulus | J1: Loss modulus | L1: Spore- Parafilm+ average G' | M1: Spore- Parafilm+ average G'' | O1: Spore- Parafilm+ SD G' | P1: Spore- Parafilm+ SD G''
A2: rad/s | C2: MPa | D2: MPa | F2: MPa | G2: MPa | I2: MPa | J2: MPa | L2: MPa | M2: MPa | O2: MPa | P2: MPa
A3: 1 | C3: 0.0018086 | D3: 0.000260284 | F3: 0.00116643 | G3: 0.000177826 | I3: 0.00167169 | J3: 0.000217757 | L3: =AVERAGE(C3,F3,I3) -> 0.0015489067 | M3: =AVERAGE(D3,G3,J3) -> 0.00021862233 | O3: =_xlfn.STDEV.P(C3,F3,I3) -> 0.00027616708 | P3: =_xlfn.STDEV.P(D3,G3,J3) -> 3.3668898e-05
A4: 1.5849 | C4: 0.00187928 | D4: 0.000253176 | F4: 0.00121981 | G4: 0.000171882 | I4: 0.00173077 | J4: 0.000213024 | L4: =AVERAGE(C4,F4,I4) -> 0.0016099533 | M4: =AVERAGE(D4,G4,J4) -> 0.000212694 | O4: =_xlfn.STDEV.P(C4,F4,I4) -> 0.00028245669 | P4: =_xlfn.STDEV.P(D4,G4,J4) -> 3.3188957e-05
A5: 2.51189 | C5: 0.0019461 | D5: 0.000257942 | F5: 0.00126229 | G5: 0.000160202 | I5: 0.001786 | J5: 0.00021976 | L5: =AVERAGE(C5,F5,I5) -> 0.0016647967 | M5: =AVERAGE(D5,G5,J5) -> 0.00021263467 | O5: =_xlfn.STDEV.P(C5,F5,I5) -> 0.00029202365 | P5: =_xlfn.STDEV.P(D5,G5,J5) -> 4.0219023e-05
A6: 3.98105 | C6: 0.00201039 | D6: 0.0002634 | F6: 0.00130401 | G6: 0.000165995 | I6: 0.00184541 | J6: 0.000226119 | L6: =AVERAGE(C6,F6,I6) -> 0.0017199367 | M6: =AVERAGE(D6,G6,J6) -> 0.00021850467 | O6: =_xlfn.STDEV.P(C6,F6,I6) -> 0.00030171824 | P6: =_xlfn.STDEV.P(D6,G6,J6) -> 4.012827e-05
A7: 6.30957 | C7: 0.00207962 | D7: 0.000269953 | F7: 0.00134781 | G7: 0.000174755 | I7: 0.00190244 | J7: 0.000227957 | L7: =AVERAGE(C7,F7,I7) -> 0.0017766233 | M7: =AVERAGE(D7,G7,J7) -> 0.00022422167 | O7: =_xlfn.STDEV.P(C7,F7,I7) -> 0.00031172514 | P7: =_xlfn.STDEV.P(D7,G7,J7) -> 3.895407e-05
A8: 10.0001 | C8: 0.0021512 | D8: 0.000280067 | F8: 0.00139208 | G8: 0.000175539 | I8: 0.00196324 | J8: 0.000232686 | L8: =AVERAGE(C8,F8,I8) -> 0.0018355067 | M8: =AVERAGE(D8,G8,J8) -> 0.00022943067 | O8: =_xlfn.STDEV.P(C8,F8,I8) -> 0.00032280298 | P8: =_xlfn.STDEV.P(D8,G8,J8) -> 4.2735415e-05
A9: 15.849 | C9: 0.00222871 | D9: 0.000294558 | F9: 0.00143589 | G9: 0.000188587 | I9: 0.00202553 | J9: 0.000232502 | L9: =AVERAGE(C9,F9,I9) -> 0.00189671 | M9: =AVERAGE(D9,G9,J9) -> 0.000238549 | O9: =_xlfn.STDEV.P(C9,F9,I9) -> 0.00033624082 | P9: =_xlfn.STDEV.P(D9,G9,J9) -> 4.347327e-05
A10: 25.1188 | C10: 0.00230427 | D10: 0.000298959 | F10: 0.0014753 | G10: 0.000194275 | I10: 0.00208758 | J10: 0.000242768 | L10: =AVERAGE(C10,F10,I10) -> 0.0019557167 | M10: =AVERAGE(D10,G10,J10) -> 0.000245334 | O10: =_xlfn.STDEV.P(C10,F10,I10) -> 0.00035103539 | P10: =_xlfn.STDEV.P(D10,G10,J10) -> 4.2775563e-05
A11: 39.8105 | C11: 0.00238446 | D11: 0.000307579 | F11: 0.00151392 | G11: 0.000194942 | I11: 0.00214743 | J11: 0.00025202 | L11: =AVERAGE(C11,F11,I11) -> 0.00201527 | M11: =AVERAGE(D11,G11,J11) -> 0.00025151367 | O11: =_xlfn.STDEV.P(C11,F11,I11) -> 0.00036747759 | P11: =_xlfn.STDEV.P(D11,G11,J11) -> 4.5985256e-05
A12: 63.0957 | C12: 0.00247356 | D12: 0.000318916 | F12: 0.0015568 | G12: 0.000202232 | I12: 0.00221 | J12: 0.000262405 | L12: =AVERAGE(C12,F12,I12) -> 0.00208012 | M12: =AVERAGE(D12,G12,J12) -> 0.00026118433 | O12: =_xlfn.STDEV.P(C12,F12,I12) -> 0.00038536894 | P12: =_xlfn.STDEV.P(D12,G12,J12) -> 4.7643863e-05
A13: 100 | C13: 0.00259324 | D13: 0.000336169 | F13: 0.00159557 | G13: 0.000220526 | I13: 0.00227133 | J13: 0.000276285 | L13: =AVERAGE(C13,F13,I13) -> 0.00215338 | M13: =AVERAGE(D13,G13,J13) -> 0.00027766 | O13: =_xlfn.STDEV.P(C13,F13,I13) -> 0.00041574873 | P13: =_xlfn.STDEV.P(D13,G13,J13) -> 4.7221068e-05

Sheet 1250 parafilm- 72 hpi
A1: Angular frequency | C1: Storage modulus | D1: Loss modulus | F1: Storage modulus | G1: Loss modulus | I1: Storage modulus | J1: Loss modulus | L1: PGA- Parafilm- average G' | M1: PGA- Parafilm- average G'' | O1: PGA- Parafilm- SD G' | P1: PGA- Parafilm- SD G''
A2: rad/s | C2: MPa | D2: MPa | F2: MPa | G2: MPa | I2: MPa | J2: MPa | L2: MPa | M2: MPa | O2: MPa | P2: MPa
A3: 1 | C3: 0.000618726 | D3: 0.000156078 | F3: 0.000591866 | G3: 0.000145296 | I3: 0.000622808 | J3: 0.000146602 | L3: =AVERAGE(C3,F3,I3) -> 0.00061113333 | M3: =AVERAGE(D3,G3,J3) -> 0.00014932533 | O3: =_xlfn.STDEV.P(C3,F3,I3) -> 1.3725603e-05 | P3: =_xlfn.STDEV.P(D3,G3,J3) -> 4.8045318e-06
A4: 1.5849 | C4: 0.000661748 | D4: 0.000154281 | F4: 0.000637804 | G4: 0.000142204 | I4: 0.000669307 | J4: 0.000146734 | L4: =AVERAGE(C4,F4,I4) -> 0.00065628633 | M4: =AVERAGE(D4,G4,J4) -> 0.00014773967 | O4: =_xlfn.STDEV.P(C4,F4,I4) -> 1.3428381e-05 | P4: =_xlfn.STDEV.P(D4,G4,J4) -> 4.9814326e-06
A5: 2.51189 | C5: 0.000706727 | D5: 0.000155241 | F5: 0.000682793 | G5: 0.000142428 | I5: 0.000714158 | J5: 0.000143769 | L5: =AVERAGE(C5,F5,I5) -> 0.000701226 | M5: =AVERAGE(D5,G5,J5) -> 0.000147146 | O5: =_xlfn.STDEV.P(C5,F5,I5) -> 1.338249e-05 | P5: =_xlfn.STDEV.P(D5,G5,J5) -> 5.7501501e-06
A6: 3.98105 | C6: 0.000748343 | D6: 0.000156096 | F6: 0.000726215 | G6: 0.000142422 | I6: 0.000757249 | J6: 0.000144962 | L6: =AVERAGE(C6,F6,I6) -> 0.00074393567 | M6: =AVERAGE(D6,G6,J6) -> 0.00014782667 | O6: =_xlfn.STDEV.P(C6,F6,I6) -> 1.3047241e-05 | P6: =_xlfn.STDEV.P(D6,G6,J6) -> 5.9385355e-06
A7: 6.30957 | C7: 0.000792542 | D7: 0.000155401 | F7: 0.000769143 | G7: 0.000143854 | I7: 0.000800733 | J7: 0.000145653 | L7: =AVERAGE(C7,F7,I7) -> 0.00078747267 | M7: =AVERAGE(D7,G7,J7) -> 0.00014830267 | O7: =_xlfn.STDEV.P(C7,F7,I7) -> 1.3385456e-05 | P7: =_xlfn.STDEV.P(D7,G7,J7) -> 5.0727279e-06
A8: 10.0001 | C8: 0.000835317 | D8: 0.000161016 | F8: 0.000811198 | G8: 0.000145535 | I8: 0.000843141 | J8: 0.000147412 | L8: =AVERAGE(C8,F8,I8) -> 0.00082988533 | M8: =AVERAGE(D8,G8,J8) -> 0.000151321 | O8: =_xlfn.STDEV.P(C8,F8,I8) -> 1.359451e-05 | P8: =_xlfn.STDEV.P(D8,G8,J8) -> 6.898094e-06
A9: 15.849 | C9: 0.000875511 | D9: 0.00016537 | F9: 0.000853436 | G9: 0.000149308 | I9: 0.000885696 | J9: 0.000151771 | L9: =AVERAGE(C9,F9,I9) -> 0.00087154767 | M9: =AVERAGE(D9,G9,J9) -> 0.000155483 | O9: =_xlfn.STDEV.P(C9,F9,I9) -> 1.3464965e-05 | P9: =_xlfn.STDEV.P(D9,G9,J9) -> 7.0631046e-06
A10: 25.1188 | C10: 0.000919443 | D10: 0.000178804 | F10: 0.000895174 | G10: 0.000156363 | I10: 0.000928747 | J10: 0.000159608 | L10: =AVERAGE(C10,F10,I10) -> 0.00091445467 | M10: =AVERAGE(D10,G10,J10) -> 0.000164925 | O10: =_xlfn.STDEV.P(C10,F10,I10) -> 1.4152719e-05 | P10: =_xlfn.STDEV.P(D10,G10,J10) -> 9.9029453e-06
A11: 39.8105 | C11: 0.000963119 | D11: 0.00019882 | F11: 0.000938699 | G11: 0.000167914 | I11: 0.000975159 | J11: 0.000172053 | L11: =AVERAGE(C11,F11,I11) -> 0.00095899233 | M11: =AVERAGE(D11,G11,J11) -> 0.00017959567 | O11: =_xlfn.STDEV.P(C11,F11,I11) -> 1.5168057e-05 | P11: =_xlfn.STDEV.P(D11,G11,J11) -> 1.3698274e-05
A12: 63.0957 | C12: 0.0010146 | D12: 0.000220865 | F12: 0.000987791 | G12: 0.000185684 | I12: 0.00103107 | J12: 0.000191085 | L12: =AVERAGE(C12,F12,I12) -> 0.0010111537 | M12: =AVERAGE(D12,G12,J12) -> 0.00019921133 | O12: =_xlfn.STDEV.P(C12,F12,I12) -> 1.7835842e-05 | P12: =_xlfn.STDEV.P(D12,G12,J12) -> 1.5469403e-05
A13: 100 | C13: 0.00106003 | D13: 0.000244883 | F13: 0.00103174 | G13: 0.000210977 | I13: 0.00109229 | J13: 0.00021805 | L13: =AVERAGE(C13,F13,I13) -> 0.0010613533 | M13: =AVERAGE(D13,G13,J13) -> 0.00022463667 | O13: =_xlfn.STDEV.P(C13,F13,I13) -> 2.4737139e-05 | P13: =_xlfn.STDEV.P(D13,G13,J13) -> 1.4604619e-05

Sheet 1250 parafilm+ 72 hpi
A1: Angular frequency | C1: Storage modulus | D1: Loss modulus | F1: Storage modulus | G1: Loss modulus | I1: Storage modulus | J1: Loss modulus | L1: PGA- Parafilm+ average G' | M1: PGA- Parafilm+ average G'' | O1: PGA- Parafilm+ SD G' | P1: PGA- Parafilm+ SD G''
A2: rad/s | C2: MPa | D2: MPa | F2: MPa | G2: MPa | I2: MPa | J2: MPa | L2: MPa | M2: MPa | O2: MPa | P2: MPa
A3: 1 | C3: 0.00140466 | D3: 0.000271743 | F3: 0.00129722 | G3: 0.000254997 | I3: 0.000552107 | J3: 0.000154923 | L3: =AVERAGE(C3,F3,I3) -> 0.0010846623 | M3: =AVERAGE(D3,G3,J3) -> 0.000227221 | O3: =_xlfn.STDEV.P(C3,F3,I3) -> 0.00037911935 | P3: =_xlfn.STDEV.P(D3,G3,J3) -> 5.15775e-05
A4: 1.5849 | C4: 0.00148727 | D4: 0.000261641 | F4: 0.00137168 | G4: 0.000244246 | I4: 0.000597277 | J4: 0.000155654 | L4: =AVERAGE(C4,F4,I4) -> 0.0011520757 | M4: =AVERAGE(D4,G4,J4) -> 0.00022051367 | O4: =_xlfn.STDEV.P(C4,F4,I4) -> 0.00039512988 | P4: =_xlfn.STDEV.P(D4,G4,J4) -> 4.6409258e-05
A5: 2.51189 | C5: 0.00156525 | D5: 0.000258017 | F5: 0.00145237 | G5: 0.000238825 | I5: 0.000629714 | J5: 0.000154976 | L5: =AVERAGE(C5,F5,I5) -> 0.001215778 | M5: =AVERAGE(D5,G5,J5) -> 0.00021727267 | O5: =_xlfn.STDEV.P(C5,F5,I5) -> 0.00041696421 | P5: =_xlfn.STDEV.P(D5,G5,J5) -> 4.4741772e-05
A6: 3.98105 | C6: 0.00164236 | D6: 0.000254802 | F6: 0.00152391 | G6: 0.000242081 | I6: 0.00067484 | J6: 0.000154178 | L6: =AVERAGE(C6,F6,I6) -> 0.00128037 | M6: =AVERAGE(D6,G6,J6) -> 0.00021702033 | O6: =_xlfn.STDEV.P(C6,F6,I6) -> 0.00043089638 | P6: =_xlfn.STDEV.P(D6,G6,J6) -> 4.4738686e-05
A7: 6.30957 | C7: 0.00171808 | D7: 0.000256083 | F7: 0.00159597 | G7: 0.000242987 | I7: 0.000713926 | J7: 0.000153535 | L7: =AVERAGE(C7,F7,I7) -> 0.0013426587 | M7: =AVERAGE(D7,G7,J7) -> 0.000217535 | O7: =_xlfn.STDEV.P(C7,F7,I7) -> 0.00044736733 | P7: =_xlfn.STDEV.P(D7,G7,J7) -> 4.5569553e-05
A8: 10.0001 | C8: 0.00179374 | D8: 0.00025891 | F8: 0.0016667 | G8: 0.000245021 | I8: 0.000755745 | J8: 0.000156572 | L8: =AVERAGE(C8,F8,I8) -> 0.001405395 | M8: =AVERAGE(D8,G8,J8) -> 0.00022016767 | O8: =_xlfn.STDEV.P(C8,F8,I8) -> 0.00046229041 | P8: =_xlfn.STDEV.P(D8,G8,J8) -> 4.5324995e-05
A9: 15.849 | C9: 0.00186777 | D9: 0.000266375 | F9: 0.00173934 | G9: 0.000253718 | I9: 0.00080053 | J9: 0.00017076 | L9: =AVERAGE(C9,F9,I9) -> 0.0014692133 | M9: =AVERAGE(D9,G9,J9) -> 0.00023028433 | O9: =_xlfn.STDEV.P(C9,F9,I9) -> 0.00047572865 | P9: =_xlfn.STDEV.P(D9,G9,J9) -> 4.240605e-05
A10: 25.1188 | C10: 0.00194306 | D10: 0.000278546 | F10: 0.00181291 | G10: 0.000267479 | I10: 0.000843581 | J10: 0.000181482 | L10: =AVERAGE(C10,F10,I10) -> 0.0015331837 | M10: =AVERAGE(D10,G10,J10) -> 0.00024250233 | O10: =_xlfn.STDEV.P(C10,F10,I10) -> 0.00049050901 | P10: =_xlfn.STDEV.P(D10,G10,J10) -> 4.3383794e-05
A11: 39.8105 | C11: 0.00201976 | D11: 0.000298288 | F11: 0.00188961 | G11: 0.000288223 | I11: 0.000889428 | J11: 0.000192143 | L11: =AVERAGE(C11,F11,I11) -> 0.0015995993 | M11: =AVERAGE(D11,G11,J11) -> 0.00025955133 | O11: =_xlfn.STDEV.P(C11,F11,I11) -> 0.00050497013 | P11: =_xlfn.STDEV.P(D11,G11,J11) -> 4.7841674e-05
A12: 63.0957 | C12: 0.00210341 | D12: 0.00032694 | F12: 0.00197743 | G12: 0.000317435 | I12: 0.000949605 | J12: 0.000210441 | L12: =AVERAGE(C12,F12,I12) -> 0.001676815 | M12: =AVERAGE(D12,G12,J12) -> 0.00028493867 | O12: =_xlfn.STDEV.P(C12,F12,I12) -> 0.00051678076 | P12: =_xlfn.STDEV.P(D12,G12,J12) -> 5.2820533e-05
A13: 100 | C13: 0.00220167 | D13: 0.000366457 | F13: 0.00208503 | G13: 0.000357268 | I13: 0.00102351 | J13: 0.000237305 | L13: =AVERAGE(C13,F13,I13) -> 0.00177007 | M13: =AVERAGE(D13,G13,J13) -> 0.00032034333 | O13: =_xlfn.STDEV.P(C13,F13,I13) -> 0.00053004094 | P13: =_xlfn.STDEV.P(D13,G13,J13) -> 5.8836684e-05

Sheet 1480 parafilm- 72 hpi
A1: Angular frequency | C1: Storage modulus | D1: Loss modulus | F1: Storage modulus | G1: Loss modulus | I1: Storage modulus | J1: Loss modulus | L1: EPS- Parafilm- average G' | M1: EPS- Parafilm- average G'' | O1: EPS- Parafilm- SD G' | P1: EPS- Parafilm- SD G''
A2: rad/s | C2: MPa | D2: MPa | F2: MPa | G2: MPa | I2: MPa | J2: MPa | L2: MPa | M2: MPa | O2: MPa | P2: MPa
A3: 1 | C3: 0.000558581 | D3: 0.00017973 | F3: 0.000567458 | G3: 0.000190789 | I3: 0.000557908 | J3: 0.000151519 | L3: =AVERAGE(C3,F3,I3) -> 0.00056131567 | M3: =AVERAGE(D3,G3,J3) -> 0.00017401267 | O3: =_xlfn.STDEV.P(C3,F3,I3) -> 4.3519671e-06 | P3: =_xlfn.STDEV.P(D3,G3,J3) -> 1.6533787e-05
A4: 1.5849 | C4: 0.000598137 | D4: 0.000181145 | F4: 0.000609398 | G4: 0.00019068 | I4: 0.000599699 | J4: 0.00015384 | L4: =AVERAGE(C4,F4,I4) -> 0.00060241133 | M4: =AVERAGE(D4,G4,J4) -> 0.00017522167 | O4: =_xlfn.STDEV.P(C4,F4,I4) -> 4.9813047e-06 | P4: =_xlfn.STDEV.P(D4,G4,J4) -> 1.5612192e-05
A5: 2.51189 | C5: 0.000642636 | D5: 0.000180259 | F5: 0.000661508 | G5: 0.00018931 | I5: 0.000643985 | J5: 0.000154301 | L5: =AVERAGE(C5,F5,I5) -> 0.00064937633 | M5: =AVERAGE(D5,G5,J5) -> 0.00017462333 | O5: =_xlfn.STDEV.P(C5,F5,I5) -> 8.5960438e-06 | P5: =_xlfn.STDEV.P(D5,G5,J5) -> 1.4837522e-05
A6: 3.98105 | C6: 0.000682605 | D6: 0.000186999 | F6: 0.000695403 | G6: 0.000192965 | I6: 0.000683649 | J6: 0.000157261 | L6: =AVERAGE(C6,F6,I6) -> 0.000687219 | M6: =AVERAGE(D6,G6,J6) -> 0.000179075 | O6: =_xlfn.STDEV.P(C6,F6,I6) -> 5.802636e-06 | P6: =_xlfn.STDEV.P(D6,G6,J6) -> 1.5615937e-05
A7: 6.30957 | C7: 0.000726766 | D7: 0.000191014 | F7: 0.000738831 | G7: 0.000199797 | I7: 0.000727258 | J7: 0.000162447 | L7: =AVERAGE(C7,F7,I7) -> 0.00073095167 | M7: =AVERAGE(D7,G7,J7) -> 0.00018441933 | O7: =_xlfn.STDEV.P(C7,F7,I7) -> 5.5751494e-06 | P7: =_xlfn.STDEV.P(D7,G7,J7) -> 1.5945174e-05
A8: 10.0001 | C8: 0.000766312 | D8: 0.000198292 | F8: 0.000781699 | G8: 0.000206641 | I8: 0.000767948 | J8: 0.000171373 | L8: =AVERAGE(C8,F8,I8) -> 0.00077198633 | M8: =AVERAGE(D8,G8,J8) -> 0.000192102 | O8: =_xlfn.STDEV.P(C8,F8,I8) -> 6.900292e-06 | P8: =_xlfn.STDEV.P(D8,G8,J8) -> 1.5048699e-05
A9: 15.849 | C9: 0.000811392 | D9: 0.000206763 | F9: 0.000825219 | G9: 0.000218028 | I9: 0.000808894 | J9: 0.00018111 | L9: =AVERAGE(C9,F9,I9) -> 0.00081516833 | M9: =AVERAGE(D9,G9,J9) -> 0.000201967 | O9: =_xlfn.STDEV.P(C9,F9,I9) -> 7.1796902e-06 | P9: =_xlfn.STDEV.P(D9,G9,J9) -> 1.5448536e-05
A10: 25.1188 | C10: 0.000854513 | D10: 0.000220948 | F10: 0.000871844 | G10: 0.000232339 | I10: 0.000853854 | J10: 0.000194413 | L10: =AVERAGE(C10,F10,I10) -> 0.00086007033 | M10: =AVERAGE(D10,G10,J10) -> 0.0002159 | O10: =_xlfn.STDEV.P(C10,F10,I10) -> 8.3295854e-06 | P10: =_xlfn.STDEV.P(D10,G10,J10) -> 1.5889349e-05
A11: 39.8105 | C11: 0.000904917 | D11: 0.00024131 | F11: 0.000924197 | G11: 0.000254033 | I11: 0.000904497 | J11: 0.000215453 | L11: =AVERAGE(C11,F11,I11) -> 0.00091120367 | M11: =AVERAGE(D11,G11,J11) -> 0.000236932 | O11: =_xlfn.STDEV.P(C11,F11,I11) -> 9.1892739e-06 | P11: =_xlfn.STDEV.P(D11,G11,J11) -> 1.6051568e-05
A12: 63.0957 | C12: 0.000966841 | D12: 0.000267303 | F12: 0.000989345 | G12: 0.000279182 | I12: 0.000967629 | J12: 0.000238395 | L12: =AVERAGE(C12,F12,I12) -> 0.000974605 | M12: =AVERAGE(D12,G12,J12) -> 0.00026162667 | O12: =_xlfn.STDEV.P(C12,F12,I12) -> 1.0427717e-05 | P12: =_xlfn.STDEV.P(D12,G12,J12) -> 1.7128153e-05
A13: 100 | C13: 0.00103764 | D13: 0.000300194 | F13: 0.00107349 | G13: 0.000317289 | I13: 0.00104537 | J13: 0.00027415 | L13: =AVERAGE(C13,F13,I13) -> 0.0010521667 | M13: =AVERAGE(D13,G13,J13) -> 0.000297211 | O13: =_xlfn.STDEV.P(C13,F13,I13) -> 1.540458e-05 | P13: =_xlfn.STDEV.P(D13,G13,J13) -> 1.7737287e-05

Sheet NAD003 parafilm- 72 hpi
A1: Angular frequency | C1: Storage modulus | D1: Loss modulus | F1: Storage modulus | G1: Loss modulus | I1: Storage modulus | J1: Loss modulus | L1: EPS- Parafilm- average G' | M1: EPS- Parafilm- average G'' | O1: EPS- Parafilm- SD G' | P1: EPS- Parafilm- SD G''
A2: rad/s | C2: MPa | D2: MPa | F2: MPa | G2: MPa | I2: MPa | J2: MPa | L2: MPa | M2: MPa | O2: MPa | P2: MPa
A3: 1 | C3: 0.000546185 | D3: 0.000132813 | F3: 0.000590557 | G3: 0.000138406 | I3: 0.000537492 | J3: 0.000132137 | L3: =AVERAGE(C3,F3,I3) -> 0.000558078 | M3: =AVERAGE(D3,G3,J3) -> 0.000134452 | O3: =_xlfn.STDEV.P(C3,F3,I3) -> 2.3238705e-05 | P3: =_xlfn.STDEV.P(D3,G3,J3) -> 2.8094876e-06
A4: 1.5849 | C4: 0.000588442 | D4: 0.000131219 | F4: 0.000636212 | G4: 0.00013807 | I4: 0.000576975 | J4: 0.000131593 | L4: =AVERAGE(C4,F4,I4) -> 0.000600543 | M4: =AVERAGE(D4,G4,J4) -> 0.00013362733 | O4: =_xlfn.STDEV.P(C4,F4,I4) -> 2.5652566e-05 | P4: =_xlfn.STDEV.P(D4,G4,J4) -> 3.145148e-06
A5: 2.51189 | C5: 0.000630317 | D5: 0.000131462 | F5: 0.000678496 | G5: 0.000138225 | I5: 0.000617458 | J5: 0.000129422 | L5: =AVERAGE(C5,F5,I5) -> 0.00064209033 | M5: =AVERAGE(D5,G5,J5) -> 0.00013303633 | O5: =_xlfn.STDEV.P(C5,F5,I5) -> 2.6272519e-05 | P5: =_xlfn.STDEV.P(D5,G5,J5) -> 3.7622774e-06
A6: 3.98105 | C6: 0.000670685 | D6: 0.000132355 | F6: 0.000720359 | G6: 0.000137675 | I6: 0.000656184 | J6: 0.000131644 | L6: =AVERAGE(C6,F6,I6) -> 0.00068240933 | M6: =AVERAGE(D6,G6,J6) -> 0.00013389133 | O6: =_xlfn.STDEV.P(C6,F6,I6) -> 2.7479722e-05 | P6: =_xlfn.STDEV.P(D6,G6,J6) -> 2.6911559e-06
A7: 6.30957 | C7: 0.000710067 | D7: 0.000132281 | F7: 0.000761056 | G7: 0.000139057 | I7: 0.000695332 | J7: 0.000131061 | L7: =AVERAGE(C7,F7,I7) -> 0.00072215167 | M7: =AVERAGE(D7,G7,J7) -> 0.000134133 | O7: =_xlfn.STDEV.P(C7,F7,I7) -> 2.815955e-05 | P7: =_xlfn.STDEV.P(D7,G7,J7) -> 3.5172368e-06
A8: 10.0001 | C8: 0.000750238 | D8: 0.000134322 | F8: 0.000801639 | G8: 0.000140373 | I8: 0.000733914 | J8: 0.000132946 | L8: =AVERAGE(C8,F8,I8) -> 0.00076193033 | M8: =AVERAGE(D8,G8,J8) -> 0.00013588033 | O8: =_xlfn.STDEV.P(C8,F8,I8) -> 2.8858296e-05 | P8: =_xlfn.STDEV.P(D8,G8,J8) -> 3.2260796e-06
A9: 15.849 | C9: 0.000789623 | D9: 0.000138915 | F9: 0.000841654 | G9: 0.000144648 | I9: 0.000771164 | J9: 0.000136505 | L9: =AVERAGE(C9,F9,I9) -> 0.00080081367 | M9: =AVERAGE(D9,G9,J9) -> 0.00014002267 | O9: =_xlfn.STDEV.P(C9,F9,I9) -> 2.9845528e-05 | P9: =_xlfn.STDEV.P(D9,G9,J9) -> 3.4153874e-06
A10: 25.1188 | C10: 0.000829189 | D10: 0.000145499 | F10: 0.000881967 | G10: 0.000152 | I10: 0.000809949 | J10: 0.000143103 | L10: =AVERAGE(C10,F10,I10) -> 0.00084036833 | M10: =AVERAGE(D10,G10,J10) -> 0.00014686733 | O10: =_xlfn.STDEV.P(C10,F10,I10) -> 3.0445374e-05 | P10: =_xlfn.STDEV.P(D10,G10,J10) -> 3.7588477e-06
A11: 39.8105 | C11: 0.000871743 | D11: 0.000156814 | F11: 0.00092358 | G11: 0.00016387 | I11: 0.000849431 | J11: 0.000153085 | L11: =AVERAGE(C11,F11,I11) -> 0.00088158467 | M11: =AVERAGE(D11,G11,J11) -> 0.000157923 | O11: =_xlfn.STDEV.P(C11,F11,I11) -> 3.1060826e-05 | P11: =_xlfn.STDEV.P(D11,G11,J11) -> 4.4722453e-06
A12: 63.0957 | C12: 0.000921424 | D12: 0.000173731 | F12: 0.000971141 | G12: 0.000182357 | I12: 0.000891183 | J12: 0.000169611 | L12: =AVERAGE(C12,F12,I12) -> 0.000927916 | M12: =AVERAGE(D12,G12,J12) -> 0.000175233 | O12: =_xlfn.STDEV.P(C12,F12,I12) -> 3.296392e-05 | P12: =_xlfn.STDEV.P(D12,G12,J12) -> 5.3108149e-06
A13: 100 | C13: 0.000970744 | D13: 0.000198466 | F13: 0.00101311 | G13: 0.000208602 | I13: 0.000923719 | J13: 0.000192658 | L13: =AVERAGE(C13,F13,I13) -> 0.000969191 | M13: =AVERAGE(D13,G13,J13) -> 0.00019990867 | O13: =_xlfn.STDEV.P(C13,F13,I13) -> 3.6510241e-05 | P13: =_xlfn.STDEV.P(D13,G13,J13) -> 6.5885633e-06

Sheet NAD003 parafilm+ 72 hpi
A1: Angular frequency | C1: Storage modulus | D1: Loss modulus | F1: Storage modulus | G1: Loss modulus | I1: Storage modulus | J1: Loss modulus | L1: EPS- Parafilm+ average G' | M1: EPS- Parafilm+ average G'' | O1: EPS- Parafilm+ SD G' | P1: EPS- Parafilm+ SD G''
A2: rad/s | C2: MPa | D2: MPa | F2: MPa | G2: MPa | I2: MPa | J2: MPa | L2: MPa | M2: MPa | O2: MPa | P2: MPa
A3: 1 | C3: 0.000453802 | D3: 0.000133423 | F3: 0.000461923 | G3: 0.000118201 | I3: 0.000447896 | J3: 0.000114648 | L3: =AVERAGE(C3,F3,I3) -> 0.00045454033 | M3: =AVERAGE(D3,G3,J3) -> 0.00012209067 | O3: =_xlfn.STDEV.P(C3,F3,I3) -> 5.7502484e-06 | P3: =_xlfn.STDEV.P(D3,G3,J3) -> 8.1433935e-06
A4: 1.5849 | C4: 0.000490553 | D4: 0.000137347 | F4: 0.000500231 | G4: 0.000118684 | I4: 0.000484642 | J4: 0.000112815 | L4: =AVERAGE(C4,F4,I4) -> 0.00049180867 | M4: =AVERAGE(D4,G4,J4) -> 0.00012294867 | O4: =_xlfn.STDEV.P(C4,F4,I4) -> 6.4258205e-06 | P4: =_xlfn.STDEV.P(D4,G4,J4) -> 1.0459295e-05
A5: 2.51189 | C5: 0.000526746 | D5: 0.000133583 | F5: 0.000537445 | G5: 0.000119592 | I5: 0.000522599 | J5: 0.000109553 | L5: =AVERAGE(C5,F5,I5) -> 0.00052893 | M5: =AVERAGE(D5,G5,J5) -> 0.00012090933 | O5: =_xlfn.STDEV.P(C5,F5,I5) -> 6.2545088e-06 | P5: =_xlfn.STDEV.P(D5,G5,J5) -> 9.8543307e-06
A6: 3.98105 | C6: 0.000561462 | D6: 0.000134485 | F6: 0.000574452 | G6: 0.000118264 | I6: 0.000554977 | J6: 0.000113979 | L6: =AVERAGE(C6,F6,I6) -> 0.00056363033 | M6: =AVERAGE(D6,G6,J6) -> 0.00012224267 | O6: =_xlfn.STDEV.P(C6,F6,I6) -> 8.0971253e-06 | P6: =_xlfn.STDEV.P(D6,G6,J6) -> 8.8316231e-06
A7: 6.30957 | C7: 0.000597047 | D7: 0.000138266 | F7: 0.000611293 | G7: 0.000120525 | I7: 0.000589123 | J7: 0.000114037 | L7: =AVERAGE(C7,F7,I7) -> 0.00059915433 | M7: =AVERAGE(D7,G7,J7) -> 0.000124276 | O7: =_xlfn.STDEV.P(C7,F7,I7) -> 9.1727083e-06 | P7: =_xlfn.STDEV.P(D7,G7,J7) -> 1.0240886e-05
A8: 10.0001 | C8: 0.000632125 | D8: 0.000138755 | F8: 0.000648491 | G8: 0.000122394 | I8: 0.000623134 | J8: 0.000115733 | L8: =AVERAGE(C8,F8,I8) -> 0.00063458333 | M8: =AVERAGE(D8,G8,J8) -> 0.00012562733 | O8: =_xlfn.STDEV.P(C8,F8,I8) -> 1.0496886e-05 | P8: =_xlfn.STDEV.P(D8,G8,J8) -> 9.6727781e-06
A9: 15.849 | C9: 0.000665861 | D9: 0.00014525 | F9: 0.00068534 | G9: 0.000125612 | I9: 0.000656688 | J9: 0.00011847 | L9: =AVERAGE(C9,F9,I9) -> 0.00066929633 | M9: =AVERAGE(D9,G9,J9) -> 0.00012977733 | O9: =_xlfn.STDEV.P(C9,F9,I9) -> 1.1946699e-05 | P9: =_xlfn.STDEV.P(D9,G9,J9) -> 1.1322679e-05
A10: 25.1188 | C10: 0.000702474 | D10: 0.000158882 | F10: 0.000723349 | G10: 0.000131128 | I10: 0.000691729 | J10: 0.000123675 | L10: =AVERAGE(C10,F10,I10) -> 0.00070585067 | M10: =AVERAGE(D10,G10,J10) -> 0.000137895 | O10: =_xlfn.STDEV.P(C10,F10,I10) -> 1.312777e-05 | P10: =_xlfn.STDEV.P(D10,G10,J10) -> 1.5148761e-05
A11: 39.8105 | C11: 0.000739268 | D11: 0.000174061 | F11: 0.000765491 | G11: 0.000140116 | I11: 0.000729983 | J11: 0.000131957 | L11: =AVERAGE(C11,F11,I11) -> 0.000744914 | M11: =AVERAGE(D11,G11,J11) -> 0.00014871133 | O11: =_xlfn.STDEV.P(C11,F11,I11) -> 1.5035791e-05 | P11: =_xlfn.STDEV.P(D11,G11,J11) -> 1.8231777e-05
A12: 63.0957 | C12: 0.000780765 | D12: 0.000192663 | F12: 0.000816778 | G12: 0.000154369 | I12: 0.000775622 | J12: 0.000145777 | L12: =AVERAGE(C12,F12,I12) -> 0.000791055 | M12: =AVERAGE(D12,G12,J12) -> 0.00016426967 | O12: =_xlfn.STDEV.P(C12,F12,I12) -> 1.8309691e-05 | P12: =_xlfn.STDEV.P(D12,G12,J12) -> 2.0381227e-05
A13: 100 | C13: 0.000816641 | D13: 0.000215156 | F13: 0.000878571 | G13: 0.000174988 | I13: 0.000827082 | J13: 0.000164704 | L13: =AVERAGE(C13,F13,I13) -> 0.00084076467 | M13: =AVERAGE(D13,G13,J13) -> 0.00018494933 | O13: =_xlfn.STDEV.P(C13,F13,I13) -> 2.7070805e-05 | P13: =_xlfn.STDEV.P(D13,G13,J13) -> 2.1768053e-05

Sheet Average comparison
A1: Angular frequency | C1: WT Parafilm- average G' | D1: WT Parafilm- average G'' | F1: WT Parafilm+ average G' | G1: WT Parafilm+ average G'' | I1: Spore- Parafilm- average G' | J1: Spore- Parafilm- average G'' | L1: Spore- Parafilm+ average G' | M1: Spore- Parafilm+ average G'' | O1: PGA- Parafilm- average G' | P1: PGA- Parafilm- average G'' | R1: PGA- Parafilm+ average G' | S1: PGA- Parafilm+ average G'' | U1: EPS- Parafilm- average G' | V1: EPS- Parafilm- average G'' | X1: EPS- Parafilm+ average G' | Y1: EPS- Parafilm+ average G''
A2: 1 | C2: ='1233 parafilm- 72 hpi'!L3 -> 0.000601284 | D2: ='1233 parafilm- 72 hpi'!M3 -> 0.000162285 | F2: ='1233 parafilm+ 72 hpi'!L3 -> 0.00054303567 | G2: ='1233 parafilm+ 72 hpi'!M3 -> 0.000143166 | I2: ='1234 parafilm- 72 hpi'!L3 -> 0.00068027733 | J2: ='1234 parafilm- 72 hpi'!M3 -> 0.00011506407 | L2: ='1234 parafilm+ 72 hpi'!L3 -> 0.0015489067 | M2: ='1234 parafilm+ 72 hpi'!M3 -> 0.00021862233 | O2: ='1250 parafilm- 72 hpi'!L3 -> 0.00061113333 | P2: ='1250 parafilm- 72 hpi'!M3 -> 0.00014932533 | R2: ='1250 parafilm+ 72 hpi'!L3 -> 0.0010846623 | S2: ='1250 parafilm+ 72 hpi'!M3 -> 0.000227221 | U2: ='1480 parafilm- 72 hpi'!L3 -> 0.00056131567 | V2: ='1480 parafilm- 72 hpi'!M3 -> 0.00017401267 | X2: ='NAD003 parafilm+ 72 hpi'!L3 -> 0.00045454033 | Y2: ='NAD003 parafilm+ 72 hpi'!M3 -> 0.00012209067
A3: 1.5849 | C3: ='1233 parafilm- 72 hpi'!L4 -> 0.00064301833 | D3: ='1233 parafilm- 72 hpi'!M4 -> 0.00015584733 | F3: ='1233 parafilm+ 72 hpi'!L4 -> 0.00058413667 | G3: ='1233 parafilm+ 72 hpi'!M4 -> 0.00014404433 | I3: ='1234 parafilm- 72 hpi'!L4 -> 0.00071045967 | J3: ='1234 parafilm- 72 hpi'!M4 -> 0.0001157727 | L3: ='1234 parafilm+ 72 hpi'!L4 -> 0.0016099533 | M3: ='1234 parafilm+ 72 hpi'!M4 -> 0.000212694 | O3: ='1250 parafilm- 72 hpi'!L4 -> 0.00065628633 | P3: ='1250 parafilm- 72 hpi'!M4 -> 0.00014773967 | R3: ='1250 parafilm+ 72 hpi'!L4 -> 0.0011520757 | S3: ='1250 parafilm+ 72 hpi'!M4 -> 0.00022051367 | U3: ='1480 parafilm- 72 hpi'!L4 -> 0.00060241133 | V3: ='1480 parafilm- 72 hpi'!M4 -> 0.00017522167 | X3: ='NAD003 parafilm+ 72 hpi'!L4 -> 0.00049180867 | Y3: ='NAD003 parafilm+ 72 hpi'!M4 -> 0.00012294867
A4: 2.51189 | C4: ='1233 parafilm- 72 hpi'!L5 -> 0.00068937433 | D4: ='1233 parafilm- 72 hpi'!M5 -> 0.00015851 | F4: ='1233 parafilm+ 72 hpi'!L5 -> 0.00062532133 | G4: ='1233 parafilm+ 72 hpi'!M5 -> 0.00014528433 | I4: ='1234 parafilm- 72 hpi'!L5 -> 0.00073580733 | J4: ='1234 parafilm- 72 hpi'!M5 -> 0.0001139465 | L4: ='1234 parafilm+ 72 hpi'!L5 -> 0.0016647967 | M4: ='1234 parafilm+ 72 hpi'!M5 -> 0.00021263467 | O4: ='1250 parafilm- 72 hpi'!L5 -> 0.000701226 | P4: ='1250 parafilm- 72 hpi'!M5 -> 0.000147146 | R4: ='1250 parafilm+ 72 hpi'!L5 -> 0.001215778 | S4: ='1250 parafilm+ 72 hpi'!M5 -> 0.00021727267 | U4: ='1480 parafilm- 72 hpi'!L5 -> 0.00064937633 | V4: ='1480 parafilm- 72 hpi'!M5 -> 0.00017462333 | X4: ='NAD003 parafilm+ 72 hpi'!L5 -> 0.00052893 | Y4: ='NAD003 parafilm+ 72 hpi'!M5 -> 0.00012090933
A5: 3.98105 | C5: ='1233 parafilm- 72 hpi'!L6 -> 0.00073147367 | D5: ='1233 parafilm- 72 hpi'!M6 -> 0.000158843 | F5: ='1233 parafilm+ 72 hpi'!L6 -> 0.00066592733 | G5: ='1233 parafilm+ 72 hpi'!M6 -> 0.000146984 | I5: ='1234 parafilm- 72 hpi'!L6 -> 0.000760233 | J5: ='1234 parafilm- 72 hpi'!M6 -> 0.000115175 | L5: ='1234 parafilm+ 72 hpi'!L6 -> 0.0017199367 | M5: ='1234 parafilm+ 72 hpi'!M6 -> 0.00021850467 | O5: ='1250 parafilm- 72 hpi'!L6 -> 0.00074393567 | P5: ='1250 parafilm- 72 hpi'!M6 -> 0.00014782667 | R5: ='1250 parafilm+ 72 hpi'!L6 -> 0.00128037 | S5: ='1250 parafilm+ 72 hpi'!M6 -> 0.00021702033 | U5: ='1480 parafilm- 72 hpi'!L6 -> 0.000687219 | V5: ='1480 parafilm- 72 hpi'!M6 -> 0.000179075 | X5: ='NAD003 parafilm+ 72 hpi'!L6 -> 0.00056363033 | Y5: ='NAD003 parafilm+ 72 hpi'!M6 -> 0.00012224267
A6: 6.30957 | C6: ='1233 parafilm- 72 hpi'!L7 -> 0.000774349 | D6: ='1233 parafilm- 72 hpi'!M7 -> 0.00016129867 | F6: ='1233 parafilm+ 72 hpi'!L7 -> 0.00070689467 | G6: ='1233 parafilm+ 72 hpi'!M7 -> 0.000151435 | I6: ='1234 parafilm- 72 hpi'!L7 -> 0.00078737833 | J6: ='1234 parafilm- 72 hpi'!M7 -> 0.00011933133 | L6: ='1234 parafilm+ 72 hpi'!L7 -> 0.0017766233 | M6: ='1234 parafilm+ 72 hpi'!M7 -> 0.00022422167 | O6: ='1250 parafilm- 72 hpi'!L7 -> 0.00078747267 | P6: ='1250 parafilm- 72 hpi'!M7 -> 0.00014830267 | R6: ='1250 parafilm+ 72 hpi'!L7 -> 0.0013426587 | S6: ='1250 parafilm+ 72 hpi'!M7 -> 0.000217535 | U6: ='1480 parafilm- 72 hpi'!L7 -> 0.00073095167 | V6: ='1480 parafilm- 72 hpi'!M7 -> 0.00018441933 | X6: ='NAD003 parafilm+ 72 hpi'!L7 -> 0.00059915433 | Y6: ='NAD003 parafilm+ 72 hpi'!M7 -> 0.000124276
A7: 10.0001 | C7: ='1233 parafilm- 72 hpi'!L8 -> 0.00081675467 | D7: ='1233 parafilm- 72 hpi'!M8 -> 0.00016736767 | F7: ='1233 parafilm+ 72 hpi'!L8 -> 0.00074683733 | G7: ='1233 parafilm+ 72 hpi'!M8 -> 0.00015416767 | I7: ='1234 parafilm- 72 hpi'!L8 -> 0.00081346933 | J7: ='1234 parafilm- 72 hpi'!M8 -> 0.00012598233 | L7: ='1234 parafilm+ 72 hpi'!L8 -> 0.0018355067 | M7: ='1234 parafilm+ 72 hpi'!M8 -> 0.00022943067 | O7: ='1250 parafilm- 72 hpi'!L8 -> 0.00082988533 | P7: ='1250 parafilm- 72 hpi'!M8 -> 0.000151321 | R7: ='1250 parafilm+ 72 hpi'!L8 -> 0.001405395 | S7: ='1250 parafilm+ 72 hpi'!M8 -> 0.00022016767 | U7: ='1480 parafilm- 72 hpi'!L8 -> 0.00077198633 | V7: ='1480 parafilm- 72 hpi'!M8 -> 0.000192102 | X7: ='NAD003 parafilm+ 72 hpi'!L8 -> 0.00063458333 | Y7: ='NAD003 parafilm+ 72 hpi'!M8 -> 0.00012562733
A8: 15.849 | C8: ='1233 parafilm- 72 hpi'!L9 -> 0.00085930067 | D8: ='1233 parafilm- 72 hpi'!M9 -> 0.000174628 | F8: ='1233 parafilm+ 72 hpi'!L9 -> 0.000787703 | G8: ='1233 parafilm+ 72 hpi'!M9 -> 0.00016184433 | I8: ='1234 parafilm- 72 hpi'!L9 -> 0.00084143667 | J8: ='1234 parafilm- 72 hpi'!M9 -> 0.000134021 | L8: ='1234 parafilm+ 72 hpi'!L9 -> 0.00189671 | M8: ='1234 parafilm+ 72 hpi'!M9 -> 0.000238549 | O8: ='1250 parafilm- 72 hpi'!L9 -> 0.00087154767 | P8: ='1250 parafilm- 72 hpi'!M9 -> 0.000155483 | R8: ='1250 parafilm+ 72 hpi'!L9 -> 0.0014692133 | S8: ='1250 parafilm+ 72 hpi'!M9 -> 0.00023028433 | U8: ='1480 parafilm- 72 hpi'!L9 -> 0.00081516833 | V8: ='1480 parafilm- 72 hpi'!M9 -> 0.000201967 | X8: ='NAD003 parafilm+ 72 hpi'!L9 -> 0.00066929633 | Y8: ='NAD003 parafilm+ 72 hpi'!M9 -> 0.00012977733
A9: 25.1188 | C9: ='1233 parafilm- 72 hpi'!L10 -> 0.000903702 | D9: ='1233 parafilm- 72 hpi'!M10 -> 0.00018703867 | F9: ='1233 parafilm+ 72 hpi'!L10 -> 0.00083002567 | G9: ='1233 parafilm+ 72 hpi'!M10 -> 0.00016969 | I9: ='1234 parafilm- 72 hpi'!L10 -> 0.000872969 | J9: ='1234 parafilm- 72 hpi'!M10 -> 0.00014534333 | L9: ='1234 parafilm+ 72 hpi'!L10 -> 0.0019557167 | M9: ='1234 parafilm+ 72 hpi'!M10 -> 0.000245334 | O9: ='1250 parafilm- 72 hpi'!L10 -> 0.00091445467 | P9: ='1250 parafilm- 72 hpi'!M10 -> 0.000164925 | R9: ='1250 parafilm+ 72 hpi'!L10 -> 0.0015331837 | S9: ='1250 parafilm+ 72 hpi'!M10 -> 0.00024250233 | U9: ='1480 parafilm- 72 hpi'!L10 -> 0.00086007033 | V9: ='1480 parafilm- 72 hpi'!M10 -> 0.0002159 | X9: ='NAD003 parafilm+ 72 hpi'!L10 -> 0.00070585067 | Y9: ='NAD003 parafilm+ 72 hpi'!M10 -> 0.000137895
A10: 39.8105 | C10: ='1233 parafilm- 72 hpi'!L11 -> 0.00095126333 | D10: ='1233 parafilm- 72 hpi'!M11 -> 0.00020333667 | F10: ='1233 parafilm+ 72 hpi'!L11 -> 0.00087596267 | G10: ='1233 parafilm+ 72 hpi'!M11 -> 0.00018046933 | I10: ='1234 parafilm- 72 hpi'!L11 -> 0.00090638533 | J10: ='1234 parafilm- 72 hpi'!M11 -> 0.000154145 | L10: ='1234 parafilm+ 72 hpi'!L11 -> 0.00201527 | M10: ='1234 parafilm+ 72 hpi'!M11 -> 0.00025151367 | O10: ='1250 parafilm- 72 hpi'!L11 -> 0.00095899233 | P10: ='1250 parafilm- 72 hpi'!M11 -> 0.00017959567 | R10: ='1250 parafilm+ 72 hpi'!L11 -> 0.0015995993 | S10: ='1250 parafilm+ 72 hpi'!M11 -> 0.00025955133 | U10: ='1480 parafilm- 72 hpi'!L11 -> 0.00091120367 | V10: ='1480 parafilm- 72 hpi'!M11 -> 0.000236932 | X10: ='NAD003 parafilm+ 72 hpi'!L11 -> 0.000744914 | Y10: ='NAD003 parafilm+ 72 hpi'!M11 -> 0.00014871133
A11: 63.0957 | C11: ='1233 parafilm- 72 hpi'!L12 -> 0.001008658 | D11: ='1233 parafilm- 72 hpi'!M12 -> 0.00022363467 | F11: ='1233 parafilm+ 72 hpi'!L12 -> 0.000932948 | G11: ='1233 parafilm+ 72 hpi'!M12 -> 0.00019696733 | I11: ='1234 parafilm- 72 hpi'!L12 -> 0.00095094433 | J11: ='1234 parafilm- 72 hpi'!M12 -> 0.00016385667 | L11: ='1234 parafilm+ 72 hpi'!L12 -> 0.00208012 | M11: ='1234 parafilm+ 72 hpi'!M12 -> 0.00026118433 | O11: ='1250 parafilm- 72 hpi'!L12 -> 0.0010111537 | P11: ='1250 parafilm- 72 hpi'!M12 -> 0.00019921133 | R11: ='1250 parafilm+ 72 hpi'!L12 -> 0.001676815 | S11: ='1250 parafilm+ 72 hpi'!M12 -> 0.00028493867 | U11: ='1480 parafilm- 72 hpi'!L12 -> 0.000974605 | V11: ='1480 parafilm- 72 hpi'!M12 -> 0.00026162667 | X11: ='NAD003 parafilm+ 72 hpi'!L12 -> 0.000791055 | Y11: ='NAD003 parafilm+ 72 hpi'!M12 -> 0.00016426967
A12: 100 | C12: ='1233 parafilm- 72 hpi'!L13 -> 0.00107091 | D12: ='1233 parafilm- 72 hpi'!M13 -> 0.00025361733 | F12: ='1233 parafilm+ 72 hpi'!L13 -> 0.00099774 | G12: ='1233 parafilm+ 72 hpi'!M13 -> 0.00021761533 | I12: ='1234 parafilm- 72 hpi'!L13 -> 0.0010026563 | J12: ='1234 parafilm- 72 hpi'!M13 -> 0.000179995 | L12: ='1234 parafilm+ 72 hpi'!L13 -> 0.00215338 | M12: ='1234 parafilm+ 72 hpi'!M13 -> 0.00027766 | O12: ='1250 parafilm- 72 hpi'!L13 -> 0.0010613533 | P12: ='1250 parafilm- 72 hpi'!M13 -> 0.00022463667 | R12: ='1250 parafilm+ 72 hpi'!L13 -> 0.00177007 | S12: ='1250 parafilm+ 72 hpi'!M13 -> 0.00032034333 | U12: ='1480 parafilm- 72 hpi'!L13 -> 0.0010521667 | V12: ='1480 parafilm- 72 hpi'!M13 -> 0.000297211 | X12: ='NAD003 parafilm+ 72 hpi'!L13 -> 0.00084076467 | Y12: ='NAD003 parafilm+ 72 hpi'!M13 -> 0.00018494933

Sheet Standard deviations
A1: Angular frequency | C1: WT Parafilm- SD G' | D1: WT Parafilm- SD G'' | F1: WT Parafilm+ SD G' | G1: WT Parafilm+ SD G'' | I1: Spore- Parafilm- SD G' | J1: Spore- Parafilm- SD G'' | L1: Spore- Parafilm+ SD G' | M1: Spore- Parafilm+ SD G'' | O1: PGA- Parafilm- SD G' | P1: PGA- Parafilm- SD G'' | R1: PGA- Parafilm+ SD G' | S1: PGA- Parafilm+ SD G'' | U1: EPS- Parafilm- SD G' | V1: EPS- Parafilm- SD G'' | X1: EPS- Parafilm+ SD G' | Y1: EPS- Parafilm+ SD G''
C2: ='1233 parafilm- 72 hpi'!O3 -> 4.3850491e-05 | D2: ='1233 parafilm- 72 hpi'!P3 -> 1.5717063e-05 | F2: ='1233 parafilm+ 72 hpi'!O3 -> 0.0001776332 | G2: ='1233 parafilm+ 72 hpi'!P3 -> 1.8984791e-05 | I2: ='1234 parafilm- 72 hpi'!O3 -> 6.563757e-05 | J2: ='1234 parafilm- 72 hpi'!P3 -> 1.8160183e-05 | L2: ='1234 parafilm+ 72 hpi'!O3 -> 0.00027616708 | M2: ='1234 parafilm+ 72 hpi'!P3 -> 3.3668898e-05 | O2: ='1250 parafilm- 72 hpi'!O3 -> 1.3725603e-05 | P2: ='1250 parafilm- 72 hpi'!P3 -> 4.8045318e-06 | R2: ='1250 parafilm+ 72 hpi'!O3 -> 0.00037911935 | S2: ='1250 parafilm+ 72 hpi'!P3 -> 5.15775e-05 | U2: ='1480 parafilm- 72 hpi'!O3 -> 4.3519671e-06 | V2: ='1480 parafilm- 72 hpi'!P3 -> 1.6533787e-05 | X2: ='NAD003 parafilm+ 72 hpi'!O3 -> 5.7502484e-06 | Y2: ='NAD003 parafilm+ 72 hpi'!P3 -> 8.1433935e-06
C3: ='1233 parafilm- 72 hpi'!O4 -> 4.4235644e-05 | D3: ='1233 parafilm- 72 hpi'!P4 -> 9.6988721e-06 | F3: ='1233 parafilm+ 72 hpi'!O4 -> 0.00018474747 | G3: ='1233 parafilm+ 72 hpi'!P4 -> 1.9052825e-05 | I3: ='1234 parafilm- 72 hpi'!O4 -> 6.5570767e-05 | J3: ='1234 parafilm- 72 hpi'!P4 -> 1.8878328e-05 | L3: ='1234 parafilm+ 72 hpi'!O4 -> 0.00028245669 | M3: ='1234 parafilm+ 72 hpi'!P4 -> 3.3188957e-05 | O3: ='1250 parafilm- 72 hpi'!O4 -> 1.3428381e-05 | P3: ='1250 parafilm- 72 hpi'!P4 -> 4.9814326e-06 | R3: ='1250 parafilm+ 72 hpi'!O4 -> 0.00039512988 | S3: ='1250 parafilm+ 72 hpi'!P4 -> 4.6409258e-05 | U3: ='1480 parafilm- 72 hpi'!O4 -> 4.9813047e-06 | V3: ='1480 parafilm- 72 hpi'!P4 -> 1.5612192e-05 | X3: ='NAD003 parafilm+ 72 hpi'!O4 -> 6.4258205e-06 | Y3: ='NAD003 parafilm+ 72 hpi'!P4 -> 1.0459295e-05
C4: ='1233 parafilm- 72 hpi'!O5 -> 4.6883346e-05 | D4: ='1233 parafilm- 72 hpi'!P5 -> 1.2038785e-05 | F4: ='1233 parafilm+ 72 hpi'!O5 -> 0.00019112199 | G4: ='1233 parafilm+ 72 hpi'!P5 -> 1.5881216e-05 | I4: ='1234 parafilm- 72 hpi'!O5 -> 6.6520178e-05 | J4: ='1234 parafilm- 72 hpi'!P5 -> 1.9265767e-05 | L4: ='1234 parafilm+ 72 hpi'!O5 -> 0.00029202365 | M4: ='1234 parafilm+ 72 hpi'!P5 -> 4.0219023e-05 | O4: ='1250 parafilm- 72 hpi'!O5 -> 1.338249e-05 | P4: ='1250 parafilm- 72 hpi'!P5 -> 5.7501501e-06 | R4: ='1250 parafilm+ 72 hpi'!O5 -> 0.00041696421 | S4: ='1250 parafilm+ 72 hpi'!P5 -> 4.4741772e-05 | U4: ='1480 parafilm- 72 hpi'!O5 -> 8.5960438e-06 | V4: ='1480 parafilm- 72 hpi'!P5 -> 1.4837522e-05 | X4: ='NAD003 parafilm+ 72 hpi'!O5 -> 6.2545088e-06 | Y4: ='NAD003 parafilm+ 72 hpi'!P5 -> 9.8543307e-06
C5: ='1233 parafilm- 72 hpi'!O6 -> 4.7361785e-05 | D5: ='1233 parafilm- 72 hpi'!P6 -> 1.1697129e-05 | F5: ='1233 parafilm+ 72 hpi'!O6 -> 0.00019671906 | G5: ='1233 parafilm+ 72 hpi'!P6 -> 1.3988871e-05 | I5: ='1234 parafilm- 72 hpi'!O6 -> 6.6323964e-05 | J5: ='1234 parafilm- 72 hpi'!P6 -> 1.4977975e-05 | L5: ='1234 parafilm+ 72 hpi'!O6 -> 0.00030171824 | M5: ='1234 parafilm+ 72 hpi'!P6 -> 4.012827e-05 | O5: ='1250 parafilm- 72 hpi'!O6 -> 1.3047241e-05 | P5: ='1250 parafilm- 72 hpi'!P6 -> 5.9385355e-06 | R5: ='1250 parafilm+ 72 hpi'!O6 -> 0.00043089638 | S5: ='1250 parafilm+ 72 hpi'!P6 -> 4.4738686e-05 | U5: ='1480 parafilm- 72 hpi'!O6 -> 5.802636e-06 | V5: ='1480 parafilm- 72 hpi'!P6 -> 1.5615937e-05 | X5: ='NAD003 parafilm+ 72 hpi'!O6 -> 8.0971253e-06 | Y5: ='NAD003 parafilm+ 72 hpi'!P6 -> 8.8316231e-06
C6: ='1233 parafilm- 72 hpi'!O7 -> 4.8956444e-05 | D6: ='1233 parafilm- 72 hpi'!P7 -> 1.1301049e-05 | F6: ='1233 parafilm+ 72 hpi'!O7 -> 0.00020258815 | G6: ='1233 parafilm+ 72 hpi'!P7 -> 1.44258e-05 | I6: ='1234 parafilm- 72 hpi'!O7 -> 6.847551e-05 | J6: ='1234 parafilm- 72 hpi'!P7 -> 1.758365e-05 | L6: ='1234 parafilm+ 72 hpi'!O7 -> 0.00031172514 | M6: ='1234 parafilm+ 72 hpi'!P7 -> 3.895407e-05 | O6: ='1250 parafilm- 72 hpi'!O7 -> 1.3385456e-05 | P6: ='1250 parafilm- 72 hpi'!P7 -> 5.0727279e-06 | R6: ='1250 parafilm+ 72 hpi'!O7 -> 0.00044736733 | S6: ='1250 parafilm+ 72 hpi'!P7 -> 4.5569553e-05 | U6: ='1480 parafilm- 72 hpi'!O7 -> 5.5751494e-06 | V6: ='1480 parafilm- 72 hpi'!P7 -> 1.5945174e-05 | X6: ='NAD003 parafilm+ 72 hpi'!O7 -> 9.1727083e-06 | Y6: ='NAD003 parafilm+ 72 hpi'!P7 -> 1.0240886e-05
C7: ='1233 parafilm- 72 hpi'!O8 -> 5.0814528e-05 | D7: ='1233 parafilm- 72 hpi'!P8 -> 1.3721232e-05 | F7: ='1233 parafilm+ 72 hpi'!O8 -> 0.00020776385 | G7: ='1233 parafilm+ 72 hpi'!P8 -> 1.4699823e-05 | I7: ='1234 parafilm- 72 hpi'!O8 -> 7.1517606e-05 | J7: ='1234 parafilm- 72 hpi'!P8 -> 1.8648327e-05 | L7: ='1234 parafilm+ 72 hpi'!O8 -> 0.00032280298 | M7: ='1234 parafilm+ 72 hpi'!P8 -> 4.2735415e-05 | O7: ='1250 parafilm- 72 hpi'!O8 -> 1.359451e-05 | P7: ='1250 parafilm- 72 hpi'!P8 -> 6.898094e-06 | R7: ='1250 parafilm+ 72 hpi'!O8 -> 0.00046229041 | S7: ='1250 parafilm+ 72 hpi'!P8 -> 4.5324995e-05 | U7: ='1480 parafilm- 72 hpi'!O8 -> 6.900292e-06 | V7: ='1480 parafilm- 72 hpi'!P8 -> 1.5048699e-05 | X7: ='NAD003 parafilm+ 72 hpi'!O8 -> 1.0496886e-05 | Y7: ='NAD003 parafilm+ 72 hpi'!P8 -> 9.6727781e-06
C8: ='1233 parafilm- 72 hpi'!O9 -> 5.1430947e-05 | D8: ='1233 parafilm- 72 hpi'!P9 -> 1.2264551e-05 | F8: ='1233 parafilm+ 72 hpi'!O9 -> 0.00021275106 | G8: ='1233 parafilm+ 72 hpi'!P9 -> 1.5218741e-05 | I8: ='1234 parafilm- 72 hpi'!O9 -> 7.1603433e-05 | J8: ='1234 parafilm- 72 hpi'!P9 -> 1.3761978e-05 | L8: ='1234 parafilm+ 72 hpi'!O9 -> 0.00033624082 | M8: ='1234 parafilm+ 72 hpi'!P9 -> 4.347327e-05 | O8: ='1250 parafilm- 72 hpi'!O9 -> 1.3464965e-05 | P8: ='1250 parafilm- 72 hpi'!P9 -> 7.0631046e-06 | R8: ='1250 parafilm+ 72 hpi'!O9 -> 0.00047572865 | S8: ='1250 parafilm+ 72 hpi'!P9 -> 4.240605e-05 | U8: ='1480 parafilm- 72 hpi'!O9 -> 7.1796902e-06 | V8: ='1480 parafilm- 72 hpi'!P9 -> 1.5448536e-05 | X8: ='NAD003 parafilm+ 72 hpi'!O9 -> 1.1946699e-05 | Y8: ='NAD003 parafilm+ 72 hpi'!P9 -> 1.1322679e-05
C9: ='1233 parafilm- 72 hpi'!O10 -> 5.2260282e-05 | D9: ='1233 parafilm- 72 hpi'!P10 -> 1.275937e-05 | F9: ='1233 parafilm+ 72 hpi'!O10 -> 0.00021761248 | G9: ='1233 parafilm+ 72 hpi'!P10 -> 1.6416633e-05 | I9: ='1234 parafilm- 72 hpi'!O10 -> 7.4444123e-05 | J9: ='1234 parafilm- 72 hpi'!P10 -> 1.5329962e-05 | L9: ='1234 parafilm+ 72 hpi'!O10 -> 0.00035103539 | M9: ='1234 parafilm+ 72 hpi'!P10 -> 4.2775563e-05 | O9: ='1250 parafilm- 72 hpi'!O10 -> 1.4152719e-05 | P9: ='1250 parafilm- 72 hpi'!P10 -> 9.9029453e-06 | R9: ='1250 parafilm+ 72 hpi'!O10 -> 0.00049050901 | S9: ='1250 parafilm+ 72 hpi'!P10 -> 4.3383794e-05 | U9: ='1480 parafilm- 72 hpi'!O10 -> 8.3295854e-06 | V9: ='1480 parafilm- 72 hpi'!P10 -> 1.5889349e-05 | X9: ='NAD003 parafilm+ 72 hpi'!O10 -> 1.312777e-05 | Y9: ='NAD003 parafilm+ 72 hpi'!P10 -> 1.5148761e-05
C10: ='1233 parafilm- 72 hpi'!O11 -> 5.0639064e-05 | D10: ='1233 parafilm- 72 hpi'!P11 -> 1.4847542e-05 | F10: ='1233 parafilm+ 72 hpi'!O11 -> 0.00022333368 | G10: ='1233 parafilm+ 72 hpi'!P11 -> 1.9428721e-05 | I10: ='1234 parafilm- 72 hpi'!O11 -> 7.739381e-05 | J10: ='1234 parafilm- 72 hpi'!P11 -> 1.7850215e-05 | L10: ='1234 parafilm+ 72 hpi'!O11 -> 0.00036747759 | M10: ='1234 parafilm+ 72 hpi'!P11 -> 4.5985256e-05 | O10: ='1250 parafilm- 72 hpi'!O11 -> 1.5168057e-05 | P10: ='1250 parafilm- 72 hpi'!P11 -> 1.3698274e-05 | R10: ='1250 parafilm+ 72 hpi'!O11 -> 0.00050497013 | S10: ='1250 parafilm+ 72 hpi'!P11 -> 4.7841674e-05 | U10: ='1480 parafilm- 72 hpi'!O11 -> 9.1892739e-06 | V10: ='1480 parafilm- 72 hpi'!P11 -> 1.6051568e-05 | X10: ='NAD003 parafilm+ 72 hpi'!O11 -> 1.5035791e-05 | Y10: ='NAD003 parafilm+ 72 hpi'!P11 -> 1.8231777e-05
C11: ='1233 parafilm- 72 hpi'!O12 -> 4.4327269e-05 | D11: ='1233 parafilm- 72 hpi'!P12 -> 1.4986791e-05 | F11: ='1233 parafilm+ 72 hpi'!O12 -> 0.00023180385 | G11: ='1233 parafilm+ 72 hpi'!P12 -> 2.2919692e-05 | I11: ='1234 parafilm- 72 hpi'!O12 -> 8.2112331e-05 | J11: ='1234 parafilm- 72 hpi'!P12 -> 1.6030639e-05 | L11: ='1234 parafilm+ 72 hpi'!O12 -> 0.00038536894 | M11: ='1234 parafilm+ 72 hpi'!P12 -> 4.7643863e-05 | O11: ='1250 parafilm- 72 hpi'!O12 -> 1.7835842e-05 | P11: ='1250 parafilm- 72 hpi'!P12 -> 1.5469403e-05 | R11: ='1250 parafilm+ 72 hpi'!O12 -> 0.00051678076 | S11: ='1250 parafilm+ 72 hpi'!P12 -> 5.2820533e-05 | U11: ='1480 parafilm- 72 hpi'!O12 -> 1.0427717e-05 | V11: ='1480 parafilm- 72 hpi'!P12 -> 1.7128153e-05 | X11: ='NAD003 parafilm+ 72 hpi'!O12 -> 1.8309691e-05 | Y11: ='NAD003 parafilm+ 72 hpi'!P12 -> 2.0381227e-05
C12: ='1233 parafilm- 72 hpi'!O13 -> 2.6733935e-05 | D12: ='1233 parafilm- 72 hpi'!P13 -> 1.6118255e-05 | F12: ='1233 parafilm+ 72 hpi'!O13 -> 0.00024665077 | G12: ='1233 parafilm+ 72 hpi'!P13 -> 2.8278753e-05 | I12: ='1234 parafilm- 72 hpi'!O13 -> 9.4027833e-05 | J12: ='1234 parafilm- 72 hpi'!P13 -> 1.8627963e-05 | L12: ='1234 parafilm+ 72 hpi'!O13 -> 0.00041574873 | M12: ='1234 parafilm+ 72 hpi'!P13 -> 4.7221068e-05 | O12: ='1250 parafilm- 72 hpi'!O13 -> 2.4737139e-05 | P12: ='1250 parafilm- 72 hpi'!P13 -> 1.4604619e-05 | R12: ='1250 parafilm+ 72 hpi'!O13 -> 0.00053004094 | S12: ='1250 parafilm+ 72 hpi'!P13 -> 5.8836684e-05 | U12: ='1480 parafilm- 72 hpi'!O13 -> 1.540458e-05 | V12: ='1480 parafilm- 72 hpi'!P13 -> 1.7737287e-05 | X12: ='NAD003 parafilm+ 72 hpi'!O13 -> 2.7070805e-05 | Y12: ='NAD003 parafilm+ 72 hpi'!P13 -> 2.1768053e-05
