Workbook

Sheet 24 hpi
A1: Sample | B1: m_foil | C1: m_wet+foil | D1: m_dry+foil | E1: m_wet | F1: m_dry | G1: m_water | H1: Polymer volume fraction (m_dry/m_wet) | I1: Water content (m_water/m_wet) | J1: Hydration ratio (m_water/m_dry) | L1: Avg polymer volume fraction (m_dry/m_wet) | M1: Avg water content (m_water/m_wet) | N1: Avg hydration ratio (m_water/m_dry) | P1: SD polymer volume fraction (m_dry/m_wet) | Q1: SD water content (m_water/m_wet) | R1: SD hydration ratio (m_water/m_dry)
A2: ∆rapP Parafilm- 1 | B2: -38.1 | C2: 132.7 | D2: 3.1 | E2: =C2-B2 -> 170.8 | F2: =D2-B2 -> 41.2 | G2: =E2-F2 -> 129.6 | H2: =F2/E2 -> 0.2412178 | I2: =G2/E2 -> 0.7587822 | J2: =G2/F2 -> 3.1456311 | L2: =AVERAGE(H2:H4) -> 0.24223672 | M2: =AVERAGE(I2:I4) -> 0.75776328 | N2: =AVERAGE(J2:J4) -> 3.1303278 | P2: =_xlfn.STDEV.P(H2:H4) -> 0.0055232474 | Q2: =_xlfn.STDEV.P(I2:I4) -> 0.0055232474 | R2: =_xlfn.STDEV.P(J2:J4) -> 0.093629873
A3: ∆rapP Parafilm- 2 | B3: -22.4 | C3: 190.7 | D3: 27.9 | E3: =C3-B3 -> 213.1 | F3: =D3-B3 -> 50.3 | G3: =E3-F3 -> 162.8 | H3: =F3/E3 -> 0.23603942 | I3: =G3/E3 -> 0.76396058 | J3: =G3/F3 -> 3.2365805
A4: ∆rapP Parafilm- 3 | B4: 7.4 | C4: 190.2 | D4: 53 | E4: =C4-B4 -> 182.8 | F4: =D4-B4 -> 45.6 | G4: =E4-F4 -> 137.2 | H4: =F4/E4 -> 0.24945295 | I4: =G4/E4 -> 0.75054705 | J4: =G4/F4 -> 3.0087719
A5: ∆rapP Parafilm+ 1 | B5: 53.9 | C5: 240.3 | D5: 85.5 | E5: =C5-B5 -> 186.4 | F5: =D5-B5 -> 31.6 | G5: =E5-F5 -> 154.8 | H5: =F5/E5 -> 0.1695279 | I5: =G5/E5 -> 0.8304721 | J5: =G5/F5 -> 4.8987342 | L5: =AVERAGE(H5:H7) -> 0.20559468 | M5: =AVERAGE(I5:I7) -> 0.79440532 | N5: =AVERAGE(J5:J7) -> 3.9497256 | P5: =_xlfn.STDEV.P(H5:H7) -> 0.026010788 | Q5: =_xlfn.STDEV.P(I5:I7) -> 0.026010788 | R5: =_xlfn.STDEV.P(J5:J7) -> 0.67880997
A6: ∆rapP Parafilm+ 2 | B6: -72.5 | C6: 102.8 | D6: -32.2 | E6: =C6-B6 -> 175.3 | F6: =D6-B6 -> 40.3 | G6: =E6-F6 -> 135 | H6: =F6/E6 -> 0.22989161 | I6: =G6/E6 -> 0.77010839 | J6: =G6/F6 -> 3.3498759
A7: ∆rapP Parafilm+ 3 | B7: 40 | C7: 202.4 | D7: 75.3 | E7: =C7-B7 -> 162.4 | F7: =D7-B7 -> 35.3 | G7: =E7-F7 -> 127.1 | H7: =F7/E7 -> 0.21736453 | I7: =G7/E7 -> 0.78263547 | J7: =G7/F7 -> 3.6005666
A8: Spore- Parafilm- 1 | B8: 37.5 | C8: 241.3 | D8: 76.6 | E8: =C8-B8 -> 203.8 | F8: =D8-B8 -> 39.1 | G8: =E8-F8 -> 164.7 | H8: =F8/E8 -> 0.19185476 | I8: =G8/E8 -> 0.80814524 | J8: =G8/F8 -> 4.2122762 | L8: =AVERAGE(H8:H10) -> 0.19969468 | M8: =AVERAGE(I8:I10) -> 0.80030532 | N8: =AVERAGE(J8:J10) -> 4.0294873 | P8: =_xlfn.STDEV.P(H8:H10) -> 0.013455193 | Q8: =_xlfn.STDEV.P(I8:I10) -> 0.013455193 | R8: =_xlfn.STDEV.P(J8:J10) -> 0.32421174
A9: Spore- Parafilm- 2 | B9: -15.4 | C9: 149.5 | D9: 15.7 | E9: =C9-B9 -> 164.9 | F9: =D9-B9 -> 31.1 | G9: =E9-F9 -> 133.8 | H9: =F9/E9 -> 0.18859915 | I9: =G9/E9 -> 0.81140085 | J9: =G9/F9 -> 4.3022508
A10: Spore- Parafilm- 3 | B10: -85.5 | C10: 97 | D10: -45.6 | E10: =C10-B10 -> 182.5 | F10: =D10-B10 -> 39.9 | G10: =E10-F10 -> 142.6 | H10: =F10/E10 -> 0.21863014 | I10: =G10/E10 -> 0.78136986 | J10: =G10/F10 -> 3.5739348
A11: Spore- Parafilm+ 1 | B11: 67.8 | C11: 245.2 | D11: 99.6 | E11: =C11-B11 -> 177.4 | F11: =D11-B11 -> 31.8 | G11: =E11-F11 -> 145.6 | H11: =F11/E11 -> 0.17925592 | I11: =G11/E11 -> 0.82074408 | J11: =G11/F11 -> 4.5786164 | L11: =AVERAGE(H11:H13) -> 0.19275501 | M11: =AVERAGE(I11:I13) -> 0.80724499 | N11: =AVERAGE(J11:J13) -> 4.2311576 | P11: =_xlfn.STDEV.P(H11:H13) -> 0.018090663 | Q11: =_xlfn.STDEV.P(I11:I13) -> 0.018090663 | R11: =_xlfn.STDEV.P(J11:J13) -> 0.46056966
A12: Spore- Parafilm+ 2 | B12: -97.8 | C12: 54.4 | D12: -70.3 | E12: =C12-B12 -> 152.2 | F12: =D12-B12 -> 27.5 | G12: =E12-F12 -> 124.7 | H12: =F12/E12 -> 0.18068331 | I12: =G12/E12 -> 0.81931669 | J12: =G12/F12 -> 4.5345455
A13: Spore- Parafilm+ 3 | B13: -32.6 | C13: 144.2 | D13: 6 | E13: =C13-B13 -> 176.8 | F13: =D13-B13 -> 38.6 | G13: =E13-F13 -> 138.2 | H13: =F13/E13 -> 0.21832579 | I13: =G13/E13 -> 0.78167421 | J13: =G13/F13 -> 3.5803109
A14: PGA- Parafilm- 1 | B14: -51.3 | C14: 111.4 | D14: -12.5 | E14: =C14-B14 -> 162.7 | F14: =D14-B14 -> 38.8 | G14: =E14-F14 -> 123.9 | H14: =F14/E14 -> 0.23847572 | I14: =G14/E14 -> 0.76152428 | J14: =G14/F14 -> 3.193299 | L14: =AVERAGE(H14:H16) -> 0.26079209 | M14: =AVERAGE(I14:I16) -> 0.73920791 | N14: =AVERAGE(J14:J16) -> 2.8492503 | P14: =_xlfn.STDEV.P(H14:H16) -> 0.015815342 | Q14: =_xlfn.STDEV.P(I14:I16) -> 0.015815342 | R14: =_xlfn.STDEV.P(J14:J16) -> 0.24369774
A15: PGA- Parafilm- 2 | B15: -82 | C15: 58.9 | D15: -43.5 | E15: =C15-B15 -> 140.9 | F15: =D15-B15 -> 38.5 | G15: =E15-F15 -> 102.4 | H15: =F15/E15 -> 0.27324344 | I15: =G15/E15 -> 0.72675656 | J15: =G15/F15 -> 2.6597403
A16: PGA- Parafilm- 3 | B16: -85.7 | C16: 68 | D16: -44.1 | E16: =C16-B16 -> 153.7 | F16: =D16-B16 -> 41.6 | G16: =E16-F16 -> 112.1 | H16: =F16/E16 -> 0.27065712 | I16: =G16/E16 -> 0.72934288 | J16: =G16/F16 -> 2.6947115
A17: PGA- Parafilm+ 1 | B17: -42.4 | C17: 23.1 | D17: -30.3 | E17: =C17-B17 -> 65.5 | F17: =D17-B17 -> 12.1 | G17: =E17-F17 -> 53.4 | H17: =F17/E17 -> 0.18473282 | I17: =G17/E17 -> 0.81526718 | J17: =G17/F17 -> 4.4132231 | L17: =AVERAGE(H17:H19) -> 0.22869528 | M17: =AVERAGE(I17:I19) -> 0.77130472 | N17: =AVERAGE(J17:J19) -> 3.4653118 | P17: =_xlfn.STDEV.P(H17:H19) -> 0.031447157 | Q17: =_xlfn.STDEV.P(I17:I19) -> 0.031447157 | R17: =_xlfn.STDEV.P(J17:J19) -> 0.6745304
A18: PGA- Parafilm+ 2 | B18: -71.4 | C18: 78.7 | D18: -32.9 | E18: =C18-B18 -> 150.1 | F18: =D18-B18 -> 38.5 | G18: =E18-F18 -> 111.6 | H18: =F18/E18 -> 0.25649567 | I18: =G18/E18 -> 0.74350433 | J18: =G18/F18 -> 2.8987013
A19: PGA- Parafilm+ 3 | B19: -56.9 | C19: 93.8 | D19: -20 | E19: =C19-B19 -> 150.7 | F19: =D19-B19 -> 36.9 | G19: =E19-F19 -> 113.8 | H19: =F19/E19 -> 0.24485733 | I19: =G19/E19 -> 0.75514267 | J19: =G19/F19 -> 3.0840108
A20: EPS- Parafilm- 1 | B20: 0 | C20: 191 | D20: 48.5 | E20: =C20-B20 -> 191 | F20: =D20-B20 -> 48.5 | G20: =E20-F20 -> 142.5 | H20: =F20/E20 -> 0.2539267 | I20: =G20/E20 -> 0.7460733 | J20: =G20/F20 -> 2.9381443
A21: EPS- Parafilm- 2 | B21: 3.2 | C21: 217.2 | D21: 56.2 | E21: =C21-B21 -> 214 | F21: =D21-B21 -> 53 | G21: =E21-F21 -> 161 | H21: =F21/E21 -> 0.24766355 | I21: =G21/E21 -> 0.75233645 | J21: =G21/F21 -> 3.0377358
A22: EPS- Parafilm- 3 | B22: 8.7 | C22: 213.5 | D22: 58.4 | E22: =C22-B22 -> 204.8 | F22: =D22-B22 -> 49.7 | G22: =E22-F22 -> 155.1 | H22: =F22/E22 -> 0.24267578 | I22: =G22/E22 -> 0.75732422 | J22: =G22/F22 -> 3.1207243
A23: NAD003 Parafilm- 1 | B23: -39.2 | C23: 143.2 | D23: 3.6 | E23: =C23-B23 -> 182.4 | F23: =D23-B23 -> 42.8 | G23: =E23-F23 -> 139.6 | H23: =F23/E23 -> 0.23464912 | I23: =G23/E23 -> 0.76535088 | J23: =G23/F23 -> 3.2616822 | L23: =AVERAGE(H23:H25) -> 0.21976488 | M23: =AVERAGE(I23:I25) -> 0.78023512 | N23: =AVERAGE(J23:J25) -> 3.5644238 | P23: =_xlfn.STDEV.P(H23:H25) -> 0.01220267 | Q23: =_xlfn.STDEV.P(I23:I25) -> 0.01220267 | R23: =_xlfn.STDEV.P(J23:J25) -> 0.25424071
A24: NAD003 Parafilm- 2 | B24: -7.5 | C24: 194.2 | D24: 33.8 | E24: =C24-B24 -> 201.7 | F24: =D24-B24 -> 41.3 | G24: =E24-F24 -> 160.4 | H24: =F24/E24 -> 0.20475954 | I24: =G24/E24 -> 0.79524046 | J24: =G24/F24 -> 3.8837772
A25: NAD003 Parafilm- 3 | B25: -1 | C25: 279.6 | D25: 60.7 | E25: =C25-B25 -> 280.6 | F25: =D25-B25 -> 61.7 | G25: =E25-F25 -> 218.9 | H25: =F25/E25 -> 0.21988596 | I25: =G25/E25 -> 0.78011404 | J25: =G25/F25 -> 3.547812
A26: NAD003 Parafilm+ 1 | B26: -25.9 | C26: 134.6 | D26: 6.2 | E26: =C26-B26 -> 160.5 | F26: =D26-B26 -> 32.1 | G26: =E26-F26 -> 128.4 | H26: =F26/E26 -> 0.2 | I26: =G26/E26 -> 0.8 | J26: =G26/F26 -> 4 | L26: =AVERAGE(H26:H28) -> 0.21480616 | M26: =AVERAGE(I26:I28) -> 0.78519384 | N26: =AVERAGE(J26:J28) -> 3.6720044 | P26: =_xlfn.STDEV.P(H26:H28) -> 0.012890176 | Q26: =_xlfn.STDEV.P(I26:I28) -> 0.012890176 | R26: =_xlfn.STDEV.P(J26:J28) -> 0.27760228
A27: NAD003 Parafilm+ 2 | B27: -23.6 | C27: 204.1 | D27: 24.9 | E27: =C27-B27 -> 227.7 | F27: =D27-B27 -> 48.5 | G27: =E27-F27 -> 179.2 | H27: =F27/E27 -> 0.21299956 | I27: =G27/E27 -> 0.78700044 | J27: =G27/F27 -> 3.6948454
A28: NAD003 Parafilm+ 3 | B28: -27.5 | C28: 150.1 | D28: 13.6 | E28: =C28-B28 -> 177.6 | F28: =D28-B28 -> 41.1 | G28: =E28-F28 -> 136.5 | H28: =F28/E28 -> 0.23141892 | I28: =G28/E28 -> 0.76858108 | J28: =G28/F28 -> 3.3211679

Sheet 24 hpi plot
A1: Sample | B1: Polymer volume fraction | C1: Water content | D1: Hydration ratio | F1: SD polymer volume fraction | G1: SD water content | H1: SD hydration ratio
A2: WT Parafilm- | B2: ='24 hpi'!L2 -> 0.24223672 | C2: ='24 hpi'!M2 -> 0.75776328 | D2: ='24 hpi'!N2 -> 3.1303278 | F2: ='24 hpi'!P2 -> 0.0055232474 | G2: ='24 hpi'!Q2 -> 0.0055232474 | H2: ='24 hpi'!R2 -> 0.093629873
A3: WT Parafilm+ | B3: ='24 hpi'!L5 -> 0.20559468 | C3: ='24 hpi'!M5 -> 0.79440532 | D3: ='24 hpi'!N5 -> 3.9497256 | F3: ='24 hpi'!P5 -> 0.026010788 | G3: ='24 hpi'!Q5 -> 0.026010788 | H3: ='24 hpi'!R5 -> 0.67880997
A4: Spore- Parafilm- | B4: ='24 hpi'!L8 -> 0.19969468 | C4: ='24 hpi'!M8 -> 0.80030532 | D4: ='24 hpi'!N8 -> 4.0294873 | F4: ='24 hpi'!P8 -> 0.013455193 | G4: ='24 hpi'!Q8 -> 0.013455193 | H4: ='24 hpi'!R8 -> 0.32421174
A5: Spore- Parafilm+ | B5: ='24 hpi'!L11 -> 0.19275501 | C5: ='24 hpi'!M11 -> 0.80724499 | D5: ='24 hpi'!N11 -> 4.2311576 | F5: ='24 hpi'!P11 -> 0.018090663 | G5: ='24 hpi'!Q11 -> 0.018090663 | H5: ='24 hpi'!R11 -> 0.46056966
A6: PGA- Parafilm- | B6: ='24 hpi'!L14 -> 0.26079209 | C6: ='24 hpi'!M14 -> 0.73920791 | D6: ='24 hpi'!N14 -> 2.8492503 | F6: ='24 hpi'!P14 -> 0.015815342 | G6: ='24 hpi'!Q14 -> 0.015815342 | H6: ='24 hpi'!R14 -> 0.24369774
A7: PGA- Parafilm+ | B7: ='24 hpi'!L17 -> 0.22869528 | C7: ='24 hpi'!M17 -> 0.77130472 | D7: ='24 hpi'!N17 -> 3.4653118 | F7: ='24 hpi'!P17 -> 0.031447157 | G7: ='24 hpi'!Q17 -> 0.031447157 | H7: ='24 hpi'!R17 -> 0.6745304
A8: EPS- Parafilm- | B8: ='24 hpi'!L23 -> 0.21976488 | C8: ='24 hpi'!M23 -> 0.78023512 | D8: ='24 hpi'!N23 -> 3.5644238 | F8: ='24 hpi'!P23 -> 0.01220267 | G8: ='24 hpi'!Q23 -> 0.01220267 | H8: ='24 hpi'!R23 -> 0.25424071
A9: EPS- Parafilm+ | B9: ='24 hpi'!L26 -> 0.21480616 | C9: ='24 hpi'!M26 -> 0.78519384 | D9: ='24 hpi'!N26 -> 3.6720044 | F9: ='24 hpi'!P26 -> 0.012890176 | G9: ='24 hpi'!Q26 -> 0.012890176 | H9: ='24 hpi'!R26 -> 0.27760228

Sheet 72 hpi
A1: Sample | B1: m_foil | C1: m_wet+foil | D1: m_dry+foil | E1: m_wet | F1: m_dry | G1: m_water | H1: Polymer volume fraction (m_dry/m_wet) | I1: Water content (m_water/m_wet) | J1: Hydration ratio (m_water/m_dry) | L1: Avg polymer volume fraction (m_dry/m_wet) | M1: Avg water content (m_water/m_wet) | N1: Avg hydration ratio (m_water/m_dry) | P1: SD polymer volume fraction (m_dry/m_wet) | Q1: SD water content (m_water/m_wet) | R1: SD hydration ratio (m_water/m_dry)
A2: ∆rapP Parafilm- 1 | B2: -133.4 | C2: 52 | D2: -99.6 | E2: =C2-B2 -> 185.4 | F2: =D2-B2 -> 33.8 | G2: =E2-F2 -> 151.6 | H2: =F2/E2 -> 0.18230852 | I2: =G2/E2 -> 0.81769148 | J2: =G2/F2 -> 4.4852071 | L2: =AVERAGE(H2:H4) -> 0.17653816 | M2: =AVERAGE(I2:I4) -> 0.82346184 | N2: =AVERAGE(J2:J4) -> 4.6743151 | P2: =_xlfn.STDEV.P(H2:H4) -> 0.0072384927 | Q2: =_xlfn.STDEV.P(I2:I4) -> 0.0072384927 | R2: =_xlfn.STDEV.P(J2:J4) -> 0.23944113
A3: ∆rapP Parafilm- 2 | B3: -131 | C3: 74 | D3: -93.9 | E3: =C3-B3 -> 205 | F3: =D3-B3 -> 37.1 | G3: =E3-F3 -> 167.9 | H3: =F3/E3 -> 0.18097561 | I3: =G3/E3 -> 0.81902439 | J3: =G3/F3 -> 4.5256065
A4: ∆rapP Parafilm- 3 | B4: -117.9 | C4: 229 | D4: -60.2 | E4: =C4-B4 -> 346.9 | F4: =D4-B4 -> 57.7 | G4: =E4-F4 -> 289.2 | H4: =F4/E4 -> 0.16633035 | I4: =G4/E4 -> 0.83366965 | J4: =G4/F4 -> 5.0121317
A5: ∆rapP Parafilm+ 1 | B5: -114.5 | C5: 100 | D5: -79.1 | E5: =C5-B5 -> 214.5 | F5: =D5-B5 -> 35.4 | G5: =E5-F5 -> 179.1 | H5: =F5/E5 -> 0.16503497 | I5: =G5/E5 -> 0.83496503 | J5: =G5/F5 -> 5.059322 | L5: =AVERAGE(H5:H7) -> 0.16964927 | M5: =AVERAGE(I5:I7) -> 0.83035073 | N5: =AVERAGE(J5:J7) -> 4.901189 | P5: =_xlfn.STDEV.P(H5:H7) -> 0.0057719464 | Q5: =_xlfn.STDEV.P(I5:I7) -> 0.0057719464 | R5: =_xlfn.STDEV.P(J5:J7) -> 0.19619048
A6: ∆rapP Parafilm+ 2 | B6: -104.5 | C6: 141.7 | D6: -63.6 | E6: =C6-B6 -> 246.2 | F6: =D6-B6 -> 40.9 | G6: =E6-F6 -> 205.3 | H6: =F6/E6 -> 0.1661251 | I6: =G6/E6 -> 0.8338749 | J6: =G6/F6 -> 5.0195599
A7: ∆rapP Parafilm+ 3 | B7: -112.6 | C7: 110.7 | D7: -72.9 | E7: =C7-B7 -> 223.3 | F7: =D7-B7 -> 39.7 | G7: =E7-F7 -> 183.6 | H7: =F7/E7 -> 0.17778773 | I7: =G7/E7 -> 0.82221227 | J7: =G7/F7 -> 4.6246851
A8: Spore- Parafilm- 1 | B8: -119.8 | C8: 33.2 | D8: -103.2 | E8: =C8-B8 -> 153 | F8: =D8-B8 -> 16.6 | G8: =E8-F8 -> 136.4 | H8: =F8/E8 -> 0.10849673 | I8: =G8/E8 -> 0.89150327 | J8: =G8/F8 -> 8.2168675 | L8: =AVERAGE(H8:H10) -> 0.11356944 | M8: =AVERAGE(I8:I10) -> 0.88643056 | N8: =AVERAGE(J8:J10) -> 7.8144364 | P8: =_xlfn.STDEV.P(H8:H10) -> 0.0036426637 | Q8: =_xlfn.STDEV.P(I8:I10) -> 0.0036426637 | R8: =_xlfn.STDEV.P(J8:J10) -> 0.28843067
A9: Spore- Parafilm- 2 | B9: -128.8 | C9: -36.4 | D9: -118 | E9: =C9-B9 -> 92.4 | F9: =D9-B9 -> 10.8 | G9: =E9-F9 -> 81.6 | H9: =F9/E9 -> 0.11688312 | I9: =G9/E9 -> 0.88311688 | J9: =G9/F9 -> 7.5555556
A10: Spore- Parafilm- 3 | B10: -124.3 | C10: 12.7 | D10: -108.5 | E10: =C10-B10 -> 137 | F10: =D10-B10 -> 15.8 | G10: =E10-F10 -> 121.2 | H10: =F10/E10 -> 0.11532847 | I10: =G10/E10 -> 0.88467153 | J10: =G10/F10 -> 7.6708861
A11: Spore- Parafilm+ 1 | B11: -101.2 | C11: 42 | D11: -85.1 | E11: =C11-B11 -> 143.2 | F11: =D11-B11 -> 16.1 | G11: =E11-F11 -> 127.1 | H11: =F11/E11 -> 0.11243017 | I11: =G11/E11 -> 0.88756983 | J11: =G11/F11 -> 7.8944099 | L11: =AVERAGE(H11:H13) -> 0.11301706 | M11: =AVERAGE(I11:I13) -> 0.88698294 | N11: =AVERAGE(J11:J13) -> 7.8680045 | P11: =_xlfn.STDEV.P(H11:H13) -> 0.0053557265 | Q11: =_xlfn.STDEV.P(I11:I13) -> 0.0053557265 | R11: =_xlfn.STDEV.P(J11:J13) -> 0.4176896
A12: Spore- Parafilm+ 2 | B12: -129.2 | C12: 24.4 | D12: -112.8 | E12: =C12-B12 -> 153.6 | F12: =D12-B12 -> 16.4 | G12: =E12-F12 -> 137.2 | H12: =F12/E12 -> 0.10677083 | I12: =G12/E12 -> 0.89322917 | J12: =G12/F12 -> 8.3658537
A13: Spore- Parafilm+ 3 | B13: -132.7 | C13: 0.8 | D13: -116.7 | E13: =C13-B13 -> 133.5 | F13: =D13-B13 -> 16 | G13: =E13-F13 -> 117.5 | H13: =F13/E13 -> 0.11985019 | I13: =G13/E13 -> 0.88014981 | J13: =G13/F13 -> 7.34375
A14: PGA- Parafilm- 1 | B14: -145.1 | C14: 97.3 | D14: -101.9 | E14: =C14-B14 -> 242.4 | F14: =D14-B14 -> 43.2 | G14: =E14-F14 -> 199.2 | H14: =F14/E14 -> 0.17821782 | I14: =G14/E14 -> 0.82178218 | J14: =G14/F14 -> 4.6111111 | L14: =AVERAGE(H14:H16) -> 0.17932711 | M14: =AVERAGE(I14:I16) -> 0.82067289 | N14: =AVERAGE(J14:J16) -> 4.5765952 | P14: =_xlfn.STDEV.P(H14:H16) -> 0.0010579153 | Q14: =_xlfn.STDEV.P(I14:I16) -> 0.0010579153 | R14: =_xlfn.STDEV.P(J14:J16) -> 0.032817596
A15: PGA- Parafilm- 2 | B15: -113.9 | C15: 112.9 | D15: -73.3 | E15: =C15-B15 -> 226.8 | F15: =D15-B15 -> 40.6 | G15: =E15-F15 -> 186.2 | H15: =F15/E15 -> 0.17901235 | I15: =G15/E15 -> 0.82098765 | J15: =G15/F15 -> 4.5862069
A16: PGA- Parafilm- 3 | B16: -119 | C16: 94 | D16: -80.5 | E16: =C16-B16 -> 213 | F16: =D16-B16 -> 38.5 | G16: =E16-F16 -> 174.5 | H16: =F16/E16 -> 0.18075117 | I16: =G16/E16 -> 0.81924883 | J16: =G16/F16 -> 4.5324675
A17: PGA- Parafilm+ 1 | B17: -135.4 | C17: 155.5 | D17: -87.1 | E17: =C17-B17 -> 290.9 | F17: =D17-B17 -> 48.3 | G17: =E17-F17 -> 242.6 | H17: =F17/E17 -> 0.16603644 | I17: =G17/E17 -> 0.83396356 | J17: =G17/F17 -> 5.0227743 | L17: =AVERAGE(H17:H19) -> 0.16777077 | M17: =AVERAGE(I17:I19) -> 0.83222923 | N17: =AVERAGE(J17:J19) -> 4.9614042 | P17: =_xlfn.STDEV.P(H17:H19) -> 0.0020585503 | Q17: =_xlfn.STDEV.P(I17:I19) -> 0.0020585503 | R17: =_xlfn.STDEV.P(J17:J19) -> 0.072554807
A18: PGA- Parafilm+ 2 | B18: -125.1 | C18: 185.2 | D18: -73.4 | E18: =C18-B18 -> 310.3 | F18: =D18-B18 -> 51.7 | G18: =E18-F18 -> 258.6 | H18: =F18/E18 -> 0.16661296 | I18: =G18/E18 -> 0.83338704 | J18: =G18/F18 -> 5.0019342
A19: PGA- Parafilm+ 3 | B19: -141.3 | C19: 142.3 | D19: -92.9 | E19: =C19-B19 -> 283.6 | F19: =D19-B19 -> 48.4 | G19: =E19-F19 -> 235.2 | H19: =F19/E19 -> 0.17066291 | I19: =G19/E19 -> 0.82933709 | J19: =G19/F19 -> 4.8595041
A20: EPS- Parafilm- 1 | B20: -73 | C20: 227 | D20: -27 | E20: =C20-B20 -> 300 | F20: =D20-B20 -> 46 | G20: =E20-F20 -> 254 | H20: =F20/E20 -> 0.15333333 | I20: =G20/E20 -> 0.84666667 | J20: =G20/F20 -> 5.5217391 | L20: =AVERAGE(H20:H22) -> 0.17565804 | M20: =AVERAGE(I20:I22) -> 0.82434196 | N20: =AVERAGE(J20:J22) -> 4.9133619 | P20: =_xlfn.STDEV.P(H20:H22) -> 0.036234693 | Q20: =_xlfn.STDEV.P(I20:I22) -> 0.036234693 | R20: =_xlfn.STDEV.P(J20:J22) -> 1.06958
A21: EPS- Parafilm- 2 | B21: -81 | C21: 188 | D21: -20 | E21: =C21-B21 -> 269 | F21: =D21-B21 -> 61 | G21: =E21-F21 -> 208 | H21: =F21/E21 -> 0.2267658 | I21: =G21/E21 -> 0.7732342 | J21: =G21/F21 -> 3.4098361
A22: EPS- Parafilm- 3 | B22: -78 | C22: 242 | D22: -31 | E22: =C22-B22 -> 320 | F22: =D22-B22 -> 47 | G22: =E22-F22 -> 273 | H22: =F22/E22 -> 0.146875 | I22: =G22/E22 -> 0.853125 | J22: =G22/F22 -> 5.8085106
A23: NAD003 Parafilm- 1 | B23: -137.1 | C23: 138 | D23: -88 | E23: =C23-B23 -> 275.1 | F23: =D23-B23 -> 49.1 | G23: =E23-F23 -> 226 | H23: =F23/E23 -> 0.17848055 | I23: =G23/E23 -> 0.82151945 | J23: =G23/F23 -> 4.6028513 | L23: =AVERAGE(H23:H25) -> 0.17873229 | M23: =AVERAGE(I23:I25) -> 0.82126771 | N23: =AVERAGE(J23:J25) -> 4.5969885 | P23: =_xlfn.STDEV.P(H23:H25) -> 0.0034059467 | Q23: =_xlfn.STDEV.P(I23:I25) -> 0.0034059467 | R23: =_xlfn.STDEV.P(J23:J25) -> 0.10646125
A24: NAD003 Parafilm- 2 | B24: -132.7 | C24: 151.8 | D24: -83 | E24: =C24-B24 -> 284.5 | F24: =D24-B24 -> 49.7 | G24: =E24-F24 -> 234.8 | H24: =F24/E24 -> 0.17469244 | I24: =G24/E24 -> 0.82530756 | J24: =G24/F24 -> 4.7243461
A25: NAD003 Parafilm- 3 | B25: -128 | C25: 60.5 | D25: -93.5 | E25: =C25-B25 -> 188.5 | F25: =D25-B25 -> 34.5 | G25: =E25-F25 -> 154 | H25: =F25/E25 -> 0.18302387 | I25: =G25/E25 -> 0.81697613 | J25: =G25/F25 -> 4.4637681
A26: NAD003 Parafilm+ 1 | B26: -140.5 | C26: 183.8 | D26: -86.4 | E26: =C26-B26 -> 324.3 | F26: =D26-B26 -> 54.1 | G26: =E26-F26 -> 270.2 | H26: =F26/E26 -> 0.16682084 | I26: =G26/E26 -> 0.83317916 | J26: =G26/F26 -> 4.9944547 | L26: =AVERAGE(H26:H28) -> 0.16918099 | M26: =AVERAGE(I26:I28) -> 0.83081901 | N26: =AVERAGE(J26:J28) -> 4.9131943 | P26: =_xlfn.STDEV.P(H26:H28) -> 0.0034072291 | Q26: =_xlfn.STDEV.P(I26:I28) -> 0.0034072291 | R26: =_xlfn.STDEV.P(J26:J28) -> 0.11741803
A27: NAD003 Parafilm+ 2 | B27: -136.6 | C27: 159.7 | D27: -87.2 | E27: =C27-B27 -> 296.3 | F27: =D27-B27 -> 49.4 | G27: =E27-F27 -> 246.9 | H27: =F27/E27 -> 0.16672292 | I27: =G27/E27 -> 0.83327708 | J27: =G27/F27 -> 4.9979757
A28: NAD003 Parafilm+ 3 | B28: -132.7 | C28: 119.6 | D28: -88.8 | E28: =C28-B28 -> 252.3 | F28: =D28-B28 -> 43.9 | G28: =E28-F28 -> 208.4 | H28: =F28/E28 -> 0.17399921 | I28: =G28/E28 -> 0.82600079 | J28: =G28/F28 -> 4.7471526

Sheet 72 hpi plot
A1: Sample | B1: Polymer volume fraction | C1: Water content | D1: Hydration ratio | F1: SD polymer volume fraction | G1: SD water content | H1: SD hydration ratio
A2: WT Parafilm- | B2: ='72 hpi'!L2 -> 0.17653816 | C2: ='72 hpi'!M2 -> 0.82346184 | D2: ='72 hpi'!N2 -> 4.6743151 | F2: ='72 hpi'!P2 -> 0.0072384927 | G2: ='72 hpi'!Q2 -> 0.0072384927 | H2: ='72 hpi'!R2 -> 0.23944113
A3: WT Parafilm+ | B3: ='72 hpi'!L5 -> 0.16964927 | C3: ='72 hpi'!M5 -> 0.83035073 | D3: ='72 hpi'!N5 -> 4.901189 | F3: ='72 hpi'!P5 -> 0.0057719464 | G3: ='72 hpi'!Q5 -> 0.0057719464 | H3: ='72 hpi'!R5 -> 0.19619048
A4: Spore- Parafilm- | B4: ='72 hpi'!L8 -> 0.11356944 | C4: ='72 hpi'!M8 -> 0.88643056 | D4: ='72 hpi'!N8 -> 7.8144364 | F4: ='72 hpi'!P8 -> 0.0036426637 | G4: ='72 hpi'!Q8 -> 0.0036426637 | H4: ='72 hpi'!R8 -> 0.28843067
A5: Spore- Parafilm+ | B5: ='72 hpi'!L11 -> 0.11301706 | C5: ='72 hpi'!M11 -> 0.88698294 | D5: ='72 hpi'!N11 -> 7.8680045 | F5: ='72 hpi'!P11 -> 0.0053557265 | G5: ='72 hpi'!Q11 -> 0.0053557265 | H5: ='72 hpi'!R11 -> 0.4176896
A6: PGA- Parafilm- | B6: ='72 hpi'!L14 -> 0.17932711 | C6: ='72 hpi'!M14 -> 0.82067289 | D6: ='72 hpi'!N14 -> 4.5765952 | F6: ='72 hpi'!P14 -> 0.0010579153 | G6: ='72 hpi'!Q14 -> 0.0010579153 | H6: ='72 hpi'!R14 -> 0.032817596
A7: PGA- Parafilm+ | B7: ='72 hpi'!L17 -> 0.16777077 | C7: ='72 hpi'!M17 -> 0.83222923 | D7: ='72 hpi'!N17 -> 4.9614042 | F7: ='72 hpi'!P17 -> 0.0020585503 | G7: ='72 hpi'!Q17 -> 0.0020585503 | H7: ='72 hpi'!R17 -> 0.072554807
A8: EPS- Parafilm- | B8: ='72 hpi'!L23 -> 0.17873229 | C8: ='72 hpi'!M23 -> 0.82126771 | D8: ='72 hpi'!N23 -> 4.5969885 | F8: ='72 hpi'!P23 -> 0.0034059467 | G8: ='72 hpi'!Q23 -> 0.0034059467 | H8: ='72 hpi'!R23 -> 0.10646125
A9: EPS- Parafilm+ | B9: ='72 hpi'!L26 -> 0.16918099 | C9: ='72 hpi'!M26 -> 0.83081901 | D9: ='72 hpi'!N26 -> 4.9131943 | F9: ='72 hpi'!P26 -> 0.0034072291 | G9: ='72 hpi'!Q26 -> 0.0034072291 | H9: ='72 hpi'!R26 -> 0.11741803
